{"stats":{"minecraft:custom":{"minecraft:time_since_rest":453,"minecraft:open_chest":2,"minecraft:crouch_one_cm":3022,"minecraft:play_time":14669,"minecraft:sprint_one_cm":10623,"minecraft:deaths":1,"minecraft:walk_one_cm":23085,"minecraft:sneak_time":1414,"minecraft:walk_under_water_one_cm":275,"minecraft:drop":3,"minecraft:jump":88,"minecraft:damage_dealt":8,"minecraft:leave_game":3,"minecraft:walk_on_water_one_cm":370,"minecraft:time_since_death":452,"minecraft:total_world_time":14669,"minecraft:fall_one_cm":209,"minecraft:fly_one_cm":134366},"minecraft:picked_up":{"minecraft:quartz_block":1,"minecraft:command_block":1,"minecraft:stone_pressure_plate":1},"minecraft:used":{"minecraft:command_block":8,"minecraft:chain_command_block":7},"minecraft:dropped":{"minecraft:stone_pressure_plate":1,"minecraft:command_block":1,"minecraft:quartz_block":1}},"DataVersion":3337}