{"stats":{"minecraft:crafted":{"minecraft:wind_charge":4},"minecraft:mined":{"minecraft:pink_petals":13,"minecraft:spore_blossom":1,"minecraft:waxed_copper_grate":2,"minecraft:powder_snow":1,"minecraft:short_grass":12,"minecraft:cave_vines":1,"minecraft:cobweb":7,"minecraft:tall_grass":2},"minecraft:dropped":{"minecraft:iron_ingot":2,"minecraft:bread":1,"minecraft:dirt":1,"minecraft:trial_key":2,"minecraft:cherry_log":2,"minecraft:iron_chestplate":1,"minecraft:waxed_copper_bulb":2,"minecraft:glow_berries":1,"minecraft:spider_eye":1,"minecraft:cobblestone":1536,"minecraft:arrow":320,"minecraft:pink_petals":2,"minecraft:bone":17},"minecraft:custom":{"minecraft:time_since_rest":7785,"minecraft:damage_absorbed":200,"minecraft:sprint_one_cm":97512,"minecraft:damage_taken":773,"minecraft:walk_one_cm":71332,"minecraft:mob_kills":57,"minecraft:drop":44,"minecraft:damage_dealt":5518,"minecraft:fly_one_cm":112115,"minecraft:open_barrel":3,"minecraft:open_chest":23,"minecraft:crouch_one_cm":620,"minecraft:play_time":22652,"minecraft:deaths":1,"minecraft:sneak_time":127,"minecraft:jump":656,"minecraft:walk_on_water_one_cm":1968,"minecraft:time_since_death":21076,"minecraft:sleep_in_bed":1,"minecraft:climb_one_cm":1478,"minecraft:total_world_time":22652,"minecraft:fall_one_cm":18377,"minecraft:inspect_dispenser":2},"minecraft:killed":{"minecraft:stray":19,"minecraft:spider":5,"minecraft:breeze":4,"minecraft:slime":27},"minecraft:picked_up":{"minecraft:tipped_arrow":19,"minecraft:pink_petals":59,"minecraft:iron_chestplate":1,"minecraft:ominous_bottle":1,"minecraft:enchanted_book":1,"minecraft:potion":1,"minecraft:waxed_copper_bulb":2,"minecraft:cherry_log":4,"minecraft:shield":2,"minecraft:wind_charge":20,"minecraft:spider_eye":1,"minecraft:dirt":1,"minecraft:honey_bottle":2,"minecraft:bone":48,"minecraft:arrow":55,"minecraft:slime_ball":5,"minecraft:bow":2,"minecraft:wheat_seeds":1,"minecraft:iron_ingot":2,"minecraft:golden_apple":1,"minecraft:breeze_rod":1,"minecraft:trial_key":9,"minecraft:cooked_chicken":4,"minecraft:guster_banner_pattern":1,"minecraft:music_disc_precipice":1,"minecraft:bread":2,"minecraft:glow_berries":5,"minecraft:cobblestone":768},"minecraft:killed_by":{"minecraft:player":1},"minecraft:used":{"minecraft:diamond_pickaxe":2,"minecraft:diamond_boots":1,"minecraft:bread":1,"minecraft:ender_pearl":1,"minecraft:trial_key":5,"minecraft:golden_apple":9,"minecraft:diamond_chestplate":1,"minecraft:pink_petals":53,"minecraft:diamond_sword":105,"minecraft:diamond_helmet":1,"minecraft:diamond_leggings":1}},"DataVersion":3953}