{"stats":{"minecraft:mined":{"minecraft:pink_petals":13,"minecraft:short_grass":12,"minecraft:cave_vines":1,"minecraft:tall_grass":2},"minecraft:dropped":{"minecraft:dirt":1,"minecraft:cherry_log":2,"minecraft:cobblestone":832,"minecraft:pink_petals":2},"minecraft:custom":{"minecraft:time_since_rest":9099,"minecraft:damage_absorbed":73,"minecraft:sprint_one_cm":46736,"minecraft:damage_taken":393,"minecraft:walk_one_cm":25700,"minecraft:mob_kills":13,"minecraft:drop":18,"minecraft:damage_dealt":2151,"minecraft:fly_one_cm":75720,"minecraft:open_barrel":1,"minecraft:open_chest":17,"minecraft:crouch_one_cm":419,"minecraft:play_time":10652,"minecraft:deaths":1,"minecraft:sneak_time":81,"minecraft:jump":381,"minecraft:time_since_death":9076,"minecraft:total_world_time":10652,"minecraft:fall_one_cm":10354},"minecraft:killed":{"minecraft:stray":8,"minecraft:breeze":3,"minecraft:slime":2},"minecraft:picked_up":{"minecraft:tipped_arrow":8,"minecraft:pink_petals":59,"minecraft:ominous_bottle":1,"minecraft:cherry_log":4,"minecraft:shield":1,"minecraft:wind_charge":2,"minecraft:dirt":1,"minecraft:bone":13,"minecraft:arrow":7,"minecraft:bow":2,"minecraft:wheat_seeds":1,"minecraft:trial_key":1,"minecraft:glow_berries":2,"minecraft:cobblestone":640},"minecraft:killed_by":{"minecraft:player":1},"minecraft:used":{"minecraft:diamond_boots":1,"minecraft:trial_key":1,"minecraft:golden_apple":4,"minecraft:diamond_chestplate":1,"minecraft:pink_petals":53,"minecraft:diamond_sword":34,"minecraft:diamond_helmet":1,"minecraft:diamond_leggings":1}},"DataVersion":3953}