{"stats":{"minecraft:crafted":{"minecraft:wind_charge":36},"minecraft:mined":{"minecraft:powder_snow":10,"minecraft:clay":1,"minecraft:short_grass":12,"minecraft:decorated_pot":7,"minecraft:tall_grass":2,"minecraft:cobblestone":4,"minecraft:pink_petals":13,"minecraft:spore_blossom":1,"minecraft:waxed_copper_grate":2,"minecraft:cave_vines":3,"minecraft:cobweb":7,"minecraft:deepslate":5},"minecraft:dropped":{"minecraft:enchanted_book":1,"minecraft:iron_ingot":2,"minecraft:bread":1,"minecraft:cooked_beef":3,"minecraft:cherry_log":2,"minecraft:baked_potato":4,"minecraft:glass_bottle":4,"minecraft:cobblestone":1708,"minecraft:glow_berries":1,"minecraft:ominous_trial_key":3,"minecraft:flow_armor_trim_smithing_template":1,"minecraft:dirt":1,"minecraft:shield":1,"minecraft:trial_key":5,"minecraft:iron_chestplate":1,"minecraft:waxed_copper_bulb":2,"minecraft:spider_eye":1,"minecraft:arrow":384,"minecraft:pink_petals":2,"minecraft:bone":17},"minecraft:custom":{"minecraft:mob_kills":137,"minecraft:open_barrel":6,"minecraft:leave_game":1,"minecraft:time_since_death":401,"minecraft:sleep_in_bed":1,"minecraft:climb_one_cm":4461,"minecraft:damage_resisted":10,"minecraft:time_since_rest":500,"minecraft:sprint_one_cm":152808,"minecraft:walk_one_cm":139620,"minecraft:damage_taken":1872,"minecraft:damage_absorbed":599,"minecraft:drop":62,"minecraft:damage_dealt":13252,"minecraft:fly_one_cm":194097,"minecraft:open_chest":26,"minecraft:play_time":45514,"minecraft:crouch_one_cm":2137,"minecraft:sneak_time":637,"minecraft:deaths":2,"minecraft:walk_under_water_one_cm":5588,"minecraft:aviate_one_cm":823760,"minecraft:jump":1154,"minecraft:walk_on_water_one_cm":5225,"minecraft:total_world_time":45514,"minecraft:fall_one_cm":47222,"minecraft:inspect_dispenser":2},"minecraft:killed":{"minecraft:spider":20,"minecraft:slime":67,"minecraft:stray":38,"minecraft:breeze":9},"minecraft:picked_up":{"minecraft:pink_petals":59,"minecraft:iron_chestplate":1,"minecraft:cooked_beef":6,"minecraft:ominous_bottle":2,"minecraft:golden_carrot":11,"minecraft:clay_ball":4,"minecraft:potion":5,"minecraft:enchanted_book":1,"minecraft:waxed_copper_bulb":2,"minecraft:brick":8,"minecraft:shield":3,"minecraft:wind_charge":42,"minecraft:dirt":1,"minecraft:flow_banner_pattern":1,"minecraft:bone":76,"minecraft:bow":3,"minecraft:wheat_seeds":1,"minecraft:cobbled_deepslate":5,"minecraft:trial_key":12,"minecraft:iron_ingot":2,"minecraft:cooked_chicken":4,"minecraft:guster_banner_pattern":1,"minecraft:glass_bottle":1,"minecraft:tipped_arrow":40,"minecraft:cherry_log":4,"minecraft:spider_eye":1,"minecraft:arrow":91,"minecraft:honey_bottle":2,"minecraft:slime_ball":63,"minecraft:crossbow":1,"minecraft:breeze_rod":16,"minecraft:golden_apple":2,"minecraft:emerald":2,"minecraft:flow_armor_trim_smithing_template":2,"minecraft:bread":2,"minecraft:music_disc_precipice":1,"minecraft:baked_potato":10,"minecraft:ominous_trial_key":6,"minecraft:glow_berries":6,"minecraft:chiseled_tuff_bricks":2,"minecraft:cobblestone":908},"minecraft:killed_by":{"minecraft:player":1},"minecraft:used":{"minecraft:diamond_boots":1,"minecraft:baked_potato":1,"minecraft:elytra":1,"minecraft:ender_pearl":1,"minecraft:trial_key":5,"minecraft:golden_apple":21,"minecraft:crossbow":7,"minecraft:diamond_helmet":1,"minecraft:honey_bottle":4,"minecraft:diamond_pickaxe":12,"minecraft:firework_rocket":357,"minecraft:ominous_trial_key":2,"minecraft:wind_charge":75,"minecraft:bread":1,"minecraft:pink_petals":53,"minecraft:diamond_chestplate":1,"minecraft:diamond_sword":252,"minecraft:potion":2,"minecraft:cobblestone":28,"minecraft:bow":3,"minecraft:ominous_bottle":1,"minecraft:golden_axe":2,"minecraft:enchanted_golden_apple":1,"minecraft:diamond_leggings":1}},"DataVersion":3953}