{"stats":{"minecraft:dropped":{"minecraft:end_stone":2,"minecraft:bedrock":2,"minecraft:oak_sign":1,"minecraft:red_mushroom":1,"minecraft:coal_ore":1,"minecraft:quartz_block":1,"minecraft:rose_bush":2,"minecraft:chest":257,"minecraft:gold_nugget":65,"minecraft:written_book":16},"minecraft:used":{"minecraft:emerald_ore":8,"minecraft:water_bucket":42,"minecraft:jungle_leaves":1,"minecraft:writable_book":4,"minecraft:iron_ore":30,"minecraft:flint_and_steel":2,"minecraft:birch_planks":9,"minecraft:birch_leaves":1,"minecraft:acacia_trapdoor":10,"minecraft:jungle_fence":2,"minecraft:oak_planks":8,"minecraft:oak_sign":5,"minecraft:andesite_slab":2,"minecraft:white_concrete_powder":46,"minecraft:chest":23,"minecraft:wooden_pickaxe":2,"minecraft:stone":996,"minecraft:diamond_axe":2,"minecraft:gold_ore":17,"minecraft:netherrack":509,"minecraft:oak_door":1,"minecraft:torch":1,"minecraft:dark_oak_trapdoor":3,"minecraft:soul_sand":82,"minecraft:dirt":48,"minecraft:anvil":8,"minecraft:chorus_flower":9,"minecraft:tnt":11,"minecraft:crafting_table":2,"minecraft:nether_quartz_ore":41,"minecraft:nether_bricks":8,"minecraft:stone_stairs":1,"minecraft:acacia_leaves":12,"minecraft:spruce_log":1,"minecraft:end_stone":466,"minecraft:cake":2,"minecraft:obsidian":60,"minecraft:birch_fence":1,"minecraft:andesite_wall":19,"minecraft:black_terracotta":1,"minecraft:diamond_pickaxe":1,"minecraft:black_concrete":1,"minecraft:lava_bucket":376,"minecraft:coal_ore":49,"minecraft:command_block":9,"minecraft:grass_block":175,"minecraft:string":6,"minecraft:barrier":97,"minecraft:jungle_log":2,"minecraft:lapis_ore":15,"minecraft:quartz_block":74,"minecraft:lectern":2,"minecraft:smooth_quartz":4,"minecraft:diamond_ore":18,"minecraft:barrel":3,"minecraft:stone_bricks":17,"minecraft:item_frame":122,"minecraft:bedrock":640,"minecraft:chiseled_stone_bricks":14,"minecraft:glowstone":36,"minecraft:coal_block":3,"minecraft:cobblestone":99,"minecraft:magma_block":15,"minecraft:potion":1,"minecraft:written_book":12,"minecraft:oak_sapling":3,"minecraft:gold_block":65,"minecraft:white_concrete":174,"minecraft:chorus_plant":6,"minecraft:bone_meal":65,"minecraft:dark_oak_sapling":8},"minecraft:mined":{"minecraft:jungle_leaves":1,"minecraft:grass_block":9,"minecraft:wall_torch":1,"minecraft:stone_stairs":1,"minecraft:birch_log":6,"minecraft:oak_log":5,"minecraft:stone":2,"minecraft:cake":1,"minecraft:oak_leaves":4},"minecraft:killed_by":{"minecraft:player":4,"minecraft:zombie":1},"minecraft:custom":{"minecraft:mob_kills":2,"minecraft:interact_with_crafting_table":19,"minecraft:open_barrel":21,"minecraft:play_one_minute":482300,"minecraft:leave_game":3,"minecraft:time_since_death":538,"minecraft:climb_one_cm":1743,"minecraft:time_since_rest":575,"minecraft:sprint_one_cm":262361,"minecraft:damage_taken":6693,"minecraft:walk_one_cm":689287,"minecraft:trigger_trapped_chest":1,"minecraft:drop":18,"minecraft:damage_dealt":704,"minecraft:swim_one_cm":13991,"minecraft:fly_one_cm":7094264,"minecraft:player_kills":2,"minecraft:open_chest":150,"minecraft:crouch_one_cm":2464,"minecraft:deaths":59,"minecraft:sneak_time":21762,"minecraft:walk_under_water_one_cm":17897,"minecraft:interact_with_lectern":7,"minecraft:jump":4842,"minecraft:walk_on_water_one_cm":18142,"minecraft:fall_one_cm":21492},"minecraft:crafted":{"minecraft:oak_planks":20,"minecraft:crafting_table":1,"minecraft:wooden_pickaxe":1,"minecraft:birch_planks":12,"minecraft:stick":4},"minecraft:picked_up":{"minecraft:birch_log":6,"minecraft:leather":2,"minecraft:brown_mushroom":36,"minecraft:red_mushroom":24,"minecraft:oak_log":5,"minecraft:dirt":9,"minecraft:stone_stairs":1,"minecraft:rose_bush":2,"minecraft:birch_sapling":1,"minecraft:end_stone":1,"minecraft:torch":1,"minecraft:rotten_flesh":1,"minecraft:oak_sapling":6,"minecraft:chorus_fruit":3}},"DataVersion":1968}