{"stats":{"minecraft:used":{"minecraft:writable_book":153,"minecraft:red_sand":2,"minecraft:ladder":7,"minecraft:diamond_hoe":80,"minecraft:poppy":27,"minecraft:oak_sign":525,"minecraft:green_banner":21,"minecraft:chest":264,"minecraft:nether_wart":46,"minecraft:stone":735,"minecraft:iron_sword":970,"minecraft:zombie_spawn_egg":27,"minecraft:grass":128,"minecraft:player_head":6,"minecraft:smooth_sandstone_stairs":75,"minecraft:mooshroom_spawn_egg":7,"minecraft:soul_sand":23,"minecraft:skeleton_spawn_egg":1,"minecraft:milk_bucket":85,"minecraft:obsidian":181,"minecraft:red_sandstone_stairs":26,"minecraft:glass":159,"minecraft:jungle_sapling":1,"minecraft:lava_bucket":43,"minecraft:bricks":80,"minecraft:coal_ore":17,"minecraft:villager_spawn_egg":3,"minecraft:quartz_pillar":64,"minecraft:grass_block":705,"minecraft:lantern":13,"minecraft:birch_sapling":13,"minecraft:quartz_block":239,"minecraft:music_disc_chirp":3,"minecraft:stone_brick_stairs":50,"minecraft:stone_bricks":1781,"minecraft:slime_spawn_egg":3,"minecraft:item_frame":32,"minecraft:bedrock":2259,"minecraft:repeater":158,"minecraft:red_carpet":69,"minecraft:snow":879,"minecraft:bow":284,"minecraft:written_book":36,"minecraft:oak_sapling":75,"minecraft:furnace":17,"minecraft:acacia_fence":42,"minecraft:gold_block":110,"minecraft:egg":3,"minecraft:potato":496,"minecraft:spider_spawn_egg":1,"minecraft:diorite":1,"minecraft:end_stone_bricks":3,"minecraft:cow_spawn_egg":8,"minecraft:spruce_door":8,"minecraft:wither_skeleton_skull":3,"minecraft:cactus":31,"minecraft:stone_pickaxe":429,"minecraft:prismarine":104,"minecraft:oak_planks":1487,"minecraft:wooden_pickaxe":197,"minecraft:sandstone":671,"minecraft:redstone_block":244,"minecraft:clay":65,"minecraft:sugar_cane":33,"minecraft:smooth_quartz_stairs":38,"minecraft:sand":463,"minecraft:light_blue_concrete":197,"minecraft:loom":3,"minecraft:blast_furnace":1,"minecraft:mushroom_stew":145,"minecraft:smooth_red_sandstone":25,"minecraft:chiseled_quartz_block":40,"minecraft:end_stone":6,"minecraft:pumpkin_seeds":1,"minecraft:creeper_spawn_egg":4,"minecraft:redstone_torch":56,"minecraft:sticky_piston":9,"minecraft:lever":3,"minecraft:red_sandstone":345,"minecraft:black_concrete":319,"minecraft:chiseled_sandstone":37,"minecraft:acacia_door":4,"minecraft:stone_button":141,"minecraft:bread":6,"minecraft:barrier":414,"minecraft:lectern":3,"minecraft:polished_granite":109,"minecraft:diamond_ore":1,"minecraft:cut_red_sandstone":110,"minecraft:gravel":3,"minecraft:diamond_sword":4830,"minecraft:coal_block":1,"minecraft:wooden_sword":82,"minecraft:stripped_oak_wood":2,"minecraft:grindstone":1,"minecraft:dark_oak_fence":2,"minecraft:andesite":1,"minecraft:birch_log":1,"minecraft:smooth_stone_slab":63,"minecraft:ice":5,"minecraft:white_concrete":827,"minecraft:bone_meal":599,"minecraft:oak_fence":112,"minecraft:trident":243,"minecraft:enchanting_table":3,"minecraft:stone_sword":2297,"minecraft:dead_bush":17,"minecraft:flint_and_steel":48,"minecraft:carved_pumpkin":36,"minecraft:armor_stand":8,"minecraft:stone_shovel":697,"minecraft:redstone":276,"minecraft:zombie_villager_spawn_egg":1,"minecraft:mycelium":26,"minecraft:spruce_planks":485,"minecraft:stone_hoe":264,"minecraft:structure_block":79,"minecraft:netherrack":145,"minecraft:oak_door":11,"minecraft:torch":64,"minecraft:dirt":3048,"minecraft:brewing_stand":4,"minecraft:anvil":5,"minecraft:white_carpet":7,"minecraft:spruce_stairs":3,"minecraft:granite":1,"minecraft:oak_fence_gate":1,"minecraft:polished_diorite":5,"minecraft:ravager_spawn_egg":1,"minecraft:dark_oak_planks":14,"minecraft:sea_lantern":420,"minecraft:bookshelf":30,"minecraft:iron_block":83,"minecraft:oak_stairs":99,"minecraft:brick_stairs":53,"minecraft:smooth_sandstone":495,"minecraft:smooth_quartz":391,"minecraft:totem_of_undying":2,"minecraft:melon_seeds":4,"minecraft:glowstone":30,"minecraft:emerald_block":41,"minecraft:dark_oak_pressure_plate":1,"minecraft:wolf_spawn_egg":4,"minecraft:cooked_beef":40,"minecraft:pumpkin":2,"minecraft:wheat_seeds":126,"minecraft:water_bucket":94,"minecraft:snow_block":79,"minecraft:cobblestone_stairs":50,"minecraft:sandstone_stairs":4,"minecraft:birch_planks":2076,"minecraft:glass_bottle":9,"minecraft:baked_potato":58,"minecraft:cut_sandstone":226,"minecraft:brown_mushroom":21,"minecraft:diamond_block":41,"minecraft:orange_carpet":125,"minecraft:comparator":32,"minecraft:tnt":47,"minecraft:crafting_table":24,"minecraft:red_bed":1,"minecraft:red_mushroom":26,"minecraft:campfire":4,"minecraft:smoker":1,"minecraft:oak_log":7,"minecraft:flower_pot":4,"minecraft:diamond_pickaxe":481,"minecraft:ghast_spawn_egg":3,"minecraft:apple":37,"minecraft:command_block":458,"minecraft:oak_button":2,"minecraft:stone_slab":1,"minecraft:spruce_sapling":5,"minecraft:acacia_fence_gate":4,"minecraft:stone_axe":367,"minecraft:chiseled_stone_bricks":310,"minecraft:cobblestone":3352,"minecraft:potion":2,"minecraft:cooked_porkchop":4,"minecraft:bucket":29,"minecraft:sandstone_slab":68,"minecraft:chain_command_block":1791,"minecraft:glass_pane":4,"minecraft:repeating_command_block":26,"minecraft:stripped_oak_log":127,"minecraft:dandelion":27,"minecraft:splash_potion":4,"minecraft:jukebox":2},"minecraft:killed":{"minecraft:cave_spider":226,"minecraft:witch":169,"minecraft:spider":293,"minecraft:wither":1,"minecraft:skeleton":203,"minecraft:chicken":136,"minecraft:magma_cube":204,"minecraft:creeper":298,"minecraft:pillager":45,"minecraft:zombie":1085,"minecraft:mooshroom":5,"minecraft:stray":31,"minecraft:ghast":39,"minecraft:blaze":59,"minecraft:evoker":28,"minecraft:vex":3,"minecraft:vindicator":47,"minecraft:slime":392,"minecraft:phantom":180,"minecraft:drowned":109,"minecraft:husk":122,"minecraft:ravager":43,"minecraft:wither_skeleton":62},"minecraft:mined":{"minecraft:oak_sapling":4,"minecraft:brewing_stand":1,"minecraft:obsidian":4,"minecraft:grass_block":477,"minecraft:nether_wart":30,"minecraft:pumpkin":2,"minecraft:cut_sandstone":1,"minecraft:clay":64,"minecraft:poppy":35,"minecraft:melon":5,"minecraft:chest":2,"minecraft:glass":2,"minecraft:cobblestone":695,"minecraft:sugar_cane":177,"minecraft:oak_planks":2,"minecraft:bricks":14,"minecraft:wall_torch":1,"minecraft:birch_log":96,"minecraft:wheat":75,"minecraft:jukebox":1,"minecraft:grass":1009,"minecraft:oak_log":251,"minecraft:sand":8,"minecraft:dirt":512,"minecraft:oak_leaves":82,"minecraft:stripped_birch_log":7,"minecraft:furnace":1,"minecraft:potatoes":296,"minecraft:stone":374,"minecraft:dandelion":36,"minecraft:oak_fence":3,"minecraft:crafting_table":8,"minecraft:birch_leaves":12},"minecraft:broken":{"minecraft:stone_pickaxe":1,"minecraft:wooden_sword":1,"minecraft:stone_axe":1,"minecraft:iron_sword":3,"minecraft:stone_shovel":4,"minecraft:stone_sword":13,"minecraft:wooden_pickaxe":2,"minecraft:shield":2},"minecraft:custom":{"minecraft:animals_bred":15,"minecraft:interact_with_crafting_table":202,"minecraft:leave_game":129,"minecraft:time_since_death":193,"minecraft:sprint_one_cm":631685,"minecraft:damage_blocked_by_shield":16220,"minecraft:drop":23,"minecraft:talked_to_villager":302,"minecraft:deaths":64,"minecraft:jump":11031,"minecraft:interact_with_brewingstand":41,"minecraft:walk_on_water_one_cm":39698,"minecraft:enchant_item":25,"minecraft:interact_with_furnace":196,"minecraft:play_record":3,"minecraft:traded_with_villager":343,"minecraft:play_one_minute":4376586,"minecraft:interact_with_loom":1,"minecraft:damage_dealt":392459,"minecraft:crouch_one_cm":40373,"minecraft:mob_kills":3960,"minecraft:climb_one_cm":1698,"minecraft:walk_one_cm":9379423,"minecraft:sneak_time":118980,"minecraft:walk_under_water_one_cm":7481,"minecraft:interact_with_lectern":269,"minecraft:interact_with_blast_furnace":1,"minecraft:pot_flower":4,"minecraft:time_since_rest":218,"minecraft:damage_taken":31952,"minecraft:damage_absorbed":84,"minecraft:swim_one_cm":28,"minecraft:fly_one_cm":27856251,"minecraft:open_chest":897,"minecraft:fall_one_cm":97846},"minecraft:picked_up":{"minecraft:music_disc_strad":3,"minecraft:wheat":410,"minecraft:redstone_block":1,"minecraft:prismarine_shard":15,"minecraft:lead":11,"minecraft:potion":8,"minecraft:enchanted_book":25,"minecraft:brain_coral_block":117,"minecraft:brewing_stand":1,"minecraft:music_disc_cat":5,"minecraft:string":607,"minecraft:globe_banner_pattern":20,"minecraft:sticky_piston":1,"minecraft:oak_sign":17,"minecraft:gold_nugget":42,"minecraft:comparator":3,"minecraft:horn_coral_block":113,"minecraft:white_tulip":130,"minecraft:red_dye":120,"minecraft:redstone_torch":1,"minecraft:bubble_coral":4,"minecraft:rose_bush":54,"minecraft:flower_banner_pattern":14,"minecraft:melon_slice":25,"minecraft:furnace":1,"minecraft:tipped_arrow":15,"minecraft:mojang_banner_pattern":26,"minecraft:stick":171,"minecraft:music_disc_blocks":5,"minecraft:jukebox":1,"minecraft:oak_fence":4,"minecraft:torch":11,"minecraft:black_dye":129,"minecraft:stone_sword":8,"minecraft:cactus":78,"minecraft:rotten_flesh":1553,"minecraft:music_disc_ward":1,"minecraft:blue_dye":128,"minecraft:red_tulip":103,"minecraft:wolf_spawn_egg":2,"minecraft:music_disc_wait":10,"minecraft:blaze_rod":18,"minecraft:obsidian":57,"minecraft:snowball":247,"minecraft:cobblestone":1737,"minecraft:nautilus_shell":1,"minecraft:birch_log":96,"minecraft:cooked_beef":2,"minecraft:feather":210,"minecraft:lilac":69,"minecraft:magma_cream":23,"minecraft:repeater":1,"minecraft:potato":1097,"minecraft:magenta_dye":109,"minecraft:skull_banner_pattern":14,"minecraft:light_gray_dye":93,"minecraft:horn_coral":7,"minecraft:wither_skeleton_skull":3,"minecraft:lapis_lazuli":1,"minecraft:stripped_birch_log":7,"minecraft:dirt":1326,"minecraft:bone":443,"minecraft:orange_tulip":83,"minecraft:bow":28,"minecraft:wheat_seeds":421,"minecraft:light_blue_dye":142,"minecraft:glowstone_dust":34,"minecraft:oak_planks":2,"minecraft:ghast_tear":13,"minecraft:music_disc_13":5,"minecraft:poisonous_potato":8,"minecraft:sand":8,"minecraft:lily_of_the_valley":107,"minecraft:sugar":45,"minecraft:diamond":2,"minecraft:lever":1,"minecraft:crossbow":1,"minecraft:golden_apple":10,"minecraft:emerald":26,"minecraft:cyan_dye":129,"minecraft:bricks":18,"minecraft:chorus_fruit":17,"minecraft:oak_sapling":145,"minecraft:bubble_coral_block":177,"minecraft:nether_star":26,"minecraft:diamond_pickaxe":4,"minecraft:crafting_table":8,"minecraft:allium":124,"minecraft:azure_bluet":130,"minecraft:chicken":208,"minecraft:nether_wart":88,"minecraft:clay_ball":256,"minecraft:iron_axe":7,"minecraft:acacia_door":1,"minecraft:item_frame":6,"minecraft:creeper_banner_pattern":19,"minecraft:blue_orchid":104,"minecraft:beef":20,"minecraft:iron_nugget":53,"minecraft:poppy":159,"minecraft:sugar_cane":280,"minecraft:chest":2,"minecraft:birch_sapling":37,"minecraft:phantom_membrane":88,"minecraft:egg":1,"minecraft:orange_dye":140,"minecraft:music_disc_mellohi":2,"minecraft:gray_dye":155,"minecraft:white_dye":233,"minecraft:stone_button":3,"minecraft:music_disc_11":5,"minecraft:trident":9,"minecraft:carrot":20,"minecraft:redstone":63,"minecraft:brown_dye":106,"minecraft:prismarine_crystals":8,"minecraft:arrow":408,"minecraft:beetroot_seeds":23,"minecraft:peony":80,"minecraft:pink_tulip":99,"minecraft:totem_of_undying":44,"minecraft:saddle":43,"minecraft:gold_ingot":11,"minecraft:tube_coral_block":100,"minecraft:turtle_spawn_egg":7,"minecraft:oxeye_daisy":94,"minecraft:purple_dye":137,"minecraft:cut_sandstone":1,"minecraft:leather":199,"minecraft:yellow_dye":175,"minecraft:music_disc_stal":4,"minecraft:ice":17,"minecraft:oak_log":246,"minecraft:gunpowder":322,"minecraft:apple":250,"minecraft:fire_coral_block":146,"minecraft:heart_of_the_sea":1,"minecraft:iron_ingot":51,"minecraft:music_disc_far":7,"minecraft:cooked_chicken":10,"minecraft:glass_bottle":36,"minecraft:iron_sword":1,"minecraft:music_disc_chirp":5,"minecraft:green_dye":141,"minecraft:pumpkin":2,"minecraft:quartz":105,"minecraft:dandelion":119,"minecraft:spider_eye":198,"minecraft:pumpkin_seeds":11,"minecraft:music_disc_mall":3,"minecraft:lime_dye":109,"minecraft:slime_ball":522,"minecraft:melon_seeds":12,"minecraft:pink_dye":143,"minecraft:coal":457,"minecraft:sunflower":78},"minecraft:killed_by":{"minecraft:witch":1,"minecraft:zombie":4},"minecraft:dropped":{"minecraft:diamond":65,"minecraft:arrow":128,"minecraft:cobblestone":1,"minecraft:stone_sword":1},"minecraft:crafted":{"minecraft:brick":256,"minecraft:obsidian":17,"minecraft:grindstone":1,"minecraft:oak_planks":472,"minecraft:chainmail_helmet":3,"minecraft:blaze_powder":4,"minecraft:beef":96,"minecraft:stone":9,"minecraft:diamond_shovel":1,"minecraft:bookshelf":15,"minecraft:bow":3,"minecraft:diamond_helmet":4,"minecraft:diamond_leggings":4,"minecraft:iron_boots":4,"minecraft:chest":24,"minecraft:bricks":64,"minecraft:stone_hoe":3,"minecraft:oak_fence":30,"minecraft:porkchop":6,"minecraft:arrow":44,"minecraft:cooked_porkchop":4,"minecraft:diamond_axe":1,"minecraft:crafting_table":14,"minecraft:iron_helmet":3,"minecraft:baked_potato":81,"minecraft:wooden_pickaxe":11,"minecraft:chainmail_chestplate":3,"minecraft:birch_planks":220,"minecraft:brewing_stand":3,"minecraft:milk_bucket":2,"minecraft:apple":31,"minecraft:tnt":44,"minecraft:diamond_pickaxe":1,"minecraft:charcoal":72,"minecraft:iron_chestplate":3,"minecraft:book":47,"minecraft:paper":177,"minecraft:shield":11,"minecraft:stone_slab":6,"minecraft:stick":144,"minecraft:iron_block":3,"minecraft:stone_sword":24,"minecraft:trident":1,"minecraft:nether_wart":1,"minecraft:wooden_sword":2,"minecraft:oak_door":3,"minecraft:stone_shovel":9,"minecraft:jukebox":1,"minecraft:player_head":6,"minecraft:furnace":12,"minecraft:sugar_cane":1,"minecraft:bone_meal":318,"minecraft:white_carpet":6,"minecraft:flint_and_steel":1,"minecraft:leather":70,"minecraft:ladder":3,"minecraft:stone_pickaxe":11,"minecraft:diamond_boots":4,"minecraft:lead":4,"minecraft:chainmail_leggings":2,"minecraft:glistering_melon_slice":72,"minecraft:wheat":17,"minecraft:cooked_beef":27,"minecraft:diamond_sword":6,"minecraft:enchanting_table":1,"minecraft:iron_sword":6,"minecraft:bowl":4,"minecraft:stone_axe":8,"minecraft:bread":6,"minecraft:air":0,"minecraft:oak_fence_gate":1,"minecraft:white_wool":4,"minecraft:gold_nugget":72,"minecraft:chainmail_boots":1,"minecraft:iron_leggings":4,"minecraft:anvil":1,"minecraft:torch":52,"minecraft:diamond_chestplate":4}},"DataVersion":1968}