{"stats":{"minecraft:crafted":{"minecraft:bow":3,"minecraft:shield":2},"minecraft:mined":{"minecraft:pink_petals":9,"minecraft:fire":1,"minecraft:cherry_log":17,"minecraft:powder_snow":1,"minecraft:vine":1,"minecraft:cave_vines":1,"minecraft:cave_vines_plant":1,"minecraft:decorated_pot":1,"minecraft:short_grass":4,"minecraft:cherry_leaves":2,"minecraft:cobblestone":1,"minecraft:cobweb":7,"minecraft:tall_grass":4,"minecraft:moss_block":2},"minecraft:dropped":{"minecraft:iron_ingot":4,"minecraft:cherry_log":15,"minecraft:cherry_sapling":1,"minecraft:slime_ball":6,"minecraft:pink_petals":45,"minecraft:bone":11},"minecraft:custom":{"minecraft:time_since_rest":89,"minecraft:sprint_one_cm":100460,"minecraft:walk_one_cm":194712,"minecraft:damage_taken":2261,"minecraft:damage_absorbed":711,"minecraft:damage_blocked_by_shield":150,"minecraft:mob_kills":166,"minecraft:drop":30,"minecraft:damage_dealt":15217,"minecraft:fly_one_cm":108464,"minecraft:open_barrel":1,"minecraft:open_chest":17,"minecraft:crouch_one_cm":759,"minecraft:play_time":45812,"minecraft:deaths":3,"minecraft:sneak_time":282,"minecraft:walk_under_water_one_cm":13945,"minecraft:aviate_one_cm":623177,"minecraft:jump":527,"minecraft:walk_on_water_one_cm":3242,"minecraft:leave_game":2,"minecraft:time_since_death":0,"minecraft:damage_resisted":25,"minecraft:climb_one_cm":1660,"minecraft:total_world_time":45812,"minecraft:fall_one_cm":25173,"minecraft:inspect_dispenser":1},"minecraft:killed":{"minecraft:silverfish":9,"minecraft:stray":35,"minecraft:spider":36,"minecraft:breeze":5,"minecraft:slime":79},"minecraft:picked_up":{"minecraft:tipped_arrow":32,"minecraft:pink_petals":74,"minecraft:feather":1,"minecraft:chicken":2,"minecraft:diamond_sword":1,"minecraft:potion":4,"minecraft:cherry_log":15,"minecraft:shield":3,"minecraft:wind_charge":23,"minecraft:arrow":610,"minecraft:honey_bottle":4,"minecraft:bone":11,"minecraft:diamond_chestplate":1,"minecraft:slime_ball":35,"minecraft:bow":5,"minecraft:diamond_leggings":1,"minecraft:diamond_boots":1,"minecraft:golden_apple":53,"minecraft:iron_ingot":12,"minecraft:breeze_rod":20,"minecraft:trial_key":10,"minecraft:cooked_chicken":9,"minecraft:cherry_sapling":1,"minecraft:bread":25,"minecraft:diamond_helmet":1,"minecraft:enchanted_golden_apple":3,"minecraft:cobblestone":769,"minecraft:diamond_pickaxe":1},"minecraft:killed_by":{"minecraft:player":1},"minecraft:used":{"minecraft:diamond_pickaxe":1,"minecraft:firework_rocket":19,"minecraft:wind_charge":14,"minecraft:bread":1,"minecraft:elytra":1,"minecraft:shield":8,"minecraft:trial_key":2,"minecraft:pink_petals":5,"minecraft:golden_apple":17,"minecraft:diamond_sword":305,"minecraft:cobblestone":13,"minecraft:bow":3,"minecraft:enchanted_golden_apple":1}},"DataVersion":3953}