{"stats":{"minecraft:crafted":{"minecraft:bow":1},"minecraft:mined":{"minecraft:pink_petals":9,"minecraft:cherry_log":17,"minecraft:short_grass":4,"minecraft:cherry_leaves":2,"minecraft:tall_grass":4},"minecraft:dropped":{"minecraft:pink_petals":43},"minecraft:custom":{"minecraft:time_since_rest":9165,"minecraft:sprint_one_cm":24300,"minecraft:walk_one_cm":35682,"minecraft:damage_taken":340,"minecraft:damage_absorbed":62,"minecraft:damage_blocked_by_shield":40,"minecraft:mob_kills":5,"minecraft:drop":23,"minecraft:damage_dealt":1483,"minecraft:fly_one_cm":33329,"minecraft:open_chest":8,"minecraft:crouch_one_cm":484,"minecraft:play_time":10622,"minecraft:deaths":1,"minecraft:sneak_time":155,"minecraft:jump":150,"minecraft:leave_game":1,"minecraft:time_since_death":9105,"minecraft:total_world_time":10622,"minecraft:fall_one_cm":4355},"minecraft:killed":{"minecraft:stray":4,"minecraft:breeze":1},"minecraft:picked_up":{"minecraft:tipped_arrow":2,"minecraft:pink_petals":74,"minecraft:cherry_log":15,"minecraft:shield":1,"minecraft:wind_charge":4,"minecraft:arrow":1,"minecraft:honey_bottle":1,"minecraft:bone":6,"minecraft:bow":1,"minecraft:iron_ingot":4,"minecraft:breeze_rod":5,"minecraft:trial_key":1,"minecraft:cherry_sapling":1},"minecraft:killed_by":{"minecraft:player":1},"minecraft:used":{"minecraft:shield":2,"minecraft:trial_key":1,"minecraft:pink_petals":5,"minecraft:golden_apple":2,"minecraft:diamond_sword":30,"minecraft:bow":1}},"DataVersion":3953}