{"stats":{"minecraft:crafted":{"minecraft:bow":3,"minecraft:shield":2},"minecraft:mined":{"minecraft:pink_petals":9,"minecraft:cherry_log":17,"minecraft:powder_snow":1,"minecraft:cave_vines":1,"minecraft:cave_vines_plant":1,"minecraft:decorated_pot":1,"minecraft:short_grass":4,"minecraft:cherry_leaves":2,"minecraft:cobblestone":1,"minecraft:cobweb":7,"minecraft:tall_grass":4,"minecraft:moss_block":2},"minecraft:dropped":{"minecraft:iron_ingot":4,"minecraft:cherry_log":15,"minecraft:cherry_sapling":1,"minecraft:slime_ball":6,"minecraft:pink_petals":45,"minecraft:bone":11},"minecraft:custom":{"minecraft:time_since_rest":3698,"minecraft:sprint_one_cm":92205,"minecraft:walk_one_cm":173251,"minecraft:damage_taken":1420,"minecraft:damage_absorbed":455,"minecraft:damage_blocked_by_shield":150,"minecraft:mob_kills":162,"minecraft:drop":30,"minecraft:damage_dealt":14861,"minecraft:fly_one_cm":99623,"minecraft:open_barrel":1,"minecraft:open_chest":17,"minecraft:crouch_one_cm":759,"minecraft:play_time":34622,"minecraft:deaths":2,"minecraft:sneak_time":249,"minecraft:jump":468,"minecraft:walk_on_water_one_cm":1710,"minecraft:leave_game":1,"minecraft:time_since_death":3525,"minecraft:climb_one_cm":982,"minecraft:total_world_time":34622,"minecraft:fall_one_cm":15194,"minecraft:inspect_dispenser":1},"minecraft:killed":{"minecraft:silverfish":9,"minecraft:stray":35,"minecraft:spider":32,"minecraft:breeze":5,"minecraft:slime":79},"minecraft:picked_up":{"minecraft:tipped_arrow":32,"minecraft:pink_petals":74,"minecraft:diamond_sword":1,"minecraft:potion":4,"minecraft:cherry_log":15,"minecraft:shield":3,"minecraft:wind_charge":12,"minecraft:arrow":610,"minecraft:honey_bottle":4,"minecraft:bone":11,"minecraft:diamond_chestplate":1,"minecraft:slime_ball":35,"minecraft:bow":5,"minecraft:diamond_leggings":1,"minecraft:diamond_boots":1,"minecraft:golden_apple":53,"minecraft:iron_ingot":12,"minecraft:breeze_rod":20,"minecraft:trial_key":10,"minecraft:cooked_chicken":8,"minecraft:cherry_sapling":1,"minecraft:bread":25,"minecraft:diamond_helmet":1,"minecraft:enchanted_golden_apple":3,"minecraft:cobblestone":769,"minecraft:diamond_pickaxe":1},"minecraft:killed_by":{"minecraft:player":1},"minecraft:used":{"minecraft:diamond_pickaxe":1,"minecraft:bread":1,"minecraft:shield":8,"minecraft:trial_key":2,"minecraft:pink_petals":5,"minecraft:golden_apple":14,"minecraft:diamond_sword":293,"minecraft:cobblestone":13,"minecraft:bow":1}},"DataVersion":3953}