{"stats":{"minecraft:crafted":{"minecraft:bow":2,"minecraft:shield":2},"minecraft:mined":{"minecraft:pink_petals":9,"minecraft:cherry_log":17,"minecraft:cave_vines_plant":1,"minecraft:decorated_pot":1,"minecraft:short_grass":4,"minecraft:cherry_leaves":2,"minecraft:cobweb":7,"minecraft:tall_grass":4,"minecraft:moss_block":1},"minecraft:dropped":{"minecraft:iron_ingot":4,"minecraft:cherry_log":15,"minecraft:cherry_sapling":1,"minecraft:slime_ball":6,"minecraft:pink_petals":45,"minecraft:bone":11},"minecraft:custom":{"minecraft:time_since_rest":21165,"minecraft:sprint_one_cm":55064,"minecraft:walk_one_cm":102207,"minecraft:damage_taken":731,"minecraft:damage_absorbed":217,"minecraft:damage_blocked_by_shield":150,"minecraft:mob_kills":52,"minecraft:drop":30,"minecraft:damage_dealt":7901,"minecraft:fly_one_cm":64003,"minecraft:open_barrel":1,"minecraft:open_chest":16,"minecraft:crouch_one_cm":484,"minecraft:play_time":22622,"minecraft:deaths":1,"minecraft:sneak_time":155,"minecraft:jump":311,"minecraft:walk_on_water_one_cm":621,"minecraft:leave_game":1,"minecraft:time_since_death":21105,"minecraft:climb_one_cm":194,"minecraft:total_world_time":22622,"minecraft:fall_one_cm":9263,"minecraft:inspect_dispenser":1},"minecraft:killed":{"minecraft:stray":23,"minecraft:spider":17,"minecraft:breeze":2,"minecraft:slime":9},"minecraft:picked_up":{"minecraft:tipped_arrow":11,"minecraft:pink_petals":74,"minecraft:potion":2,"minecraft:cherry_log":15,"minecraft:shield":2,"minecraft:wind_charge":6,"minecraft:arrow":25,"minecraft:honey_bottle":2,"minecraft:bone":11,"minecraft:slime_ball":6,"minecraft:bow":3,"minecraft:iron_ingot":8,"minecraft:breeze_rod":6,"minecraft:trial_key":3,"minecraft:cooked_chicken":3,"minecraft:cherry_sapling":1,"minecraft:bread":10,"minecraft:cobblestone":64},"minecraft:killed_by":{"minecraft:player":1},"minecraft:used":{"minecraft:bread":1,"minecraft:shield":8,"minecraft:trial_key":2,"minecraft:pink_petals":5,"minecraft:golden_apple":7,"minecraft:diamond_sword":153,"minecraft:bow":1}},"DataVersion":3953}