{"stats":{"minecraft:mined":{"minecraft:deepslate_redstone_ore":1,"minecraft:deepslate_diamond_ore":1,"minecraft:cornflower":3,"minecraft:lever":1,"minecraft:budding_amethyst":1,"minecraft:short_grass":101,"minecraft:grass_block":6,"minecraft:calcite":13,"minecraft:tall_grass":2,"minecraft:cobblestone":2,"minecraft:deepslate_coal_ore":1,"minecraft:deepslate_gold_ore":1,"minecraft:amethyst_block":7,"minecraft:birch_sapling":1,"minecraft:raw_iron_block":2,"minecraft:iron_ore":5,"minecraft:cobbled_deepslate":6,"minecraft:tnt":2,"minecraft:deepslate_lapis_ore":2,"minecraft:azure_bluet":1,"minecraft:pointed_dripstone":8,"minecraft:coal_ore":2,"minecraft:oak_log":16,"minecraft:deepslate_iron_ore":15,"minecraft:dripstone_block":1,"minecraft:dirt":19,"minecraft:cobweb":12,"minecraft:smooth_basalt":5,"minecraft:stone":169,"minecraft:deepslate_emerald_ore":2,"minecraft:oak_leaves":1,"minecraft:deepslate":17},"minecraft:picked_up":{"minecraft:azure_bluet":1,"minecraft:oak_stairs":2,"minecraft:potato":1,"minecraft:oak_log":28,"minecraft:shield":1,"minecraft:amethyst_block":5,"minecraft:lapis_lazuli":14,"minecraft:dirt":25,"minecraft:cornflower":3,"minecraft:string":13,"minecraft:bone":5,"minecraft:wheat_seeds":9,"minecraft:cobbled_deepslate":44,"minecraft:raw_gold":1,"minecraft:calcite":17,"minecraft:birch_sapling":3,"minecraft:oak_slab":4,"minecraft:raw_iron":20,"minecraft:stick":4,"minecraft:smooth_basalt":5,"minecraft:raw_iron_block":2,"minecraft:dripstone_block":1,"minecraft:amethyst_shard":2,"minecraft:pointed_dripstone":7,"minecraft:redstone":4,"minecraft:tnt":2,"minecraft:arrow":5,"minecraft:rotten_flesh":27,"minecraft:diamond":1,"minecraft:lever":3,"minecraft:emerald":2,"minecraft:oak_sapling":4,"minecraft:coal":3,"minecraft:rail":7,"minecraft:cobblestone":188},"minecraft:used":{"minecraft:wheat_seeds":9,"minecraft:stone_sword":123,"minecraft:stone_pickaxe":181,"minecraft:wooden_pickaxe":11,"minecraft:shield":7,"minecraft:wooden_shovel":25,"minecraft:rotten_flesh":5,"minecraft:dirt":9,"minecraft:tnt":2,"minecraft:crafting_table":2,"minecraft:lever":2,"minecraft:wooden_hoe":11,"minecraft:apple":9,"minecraft:birch_sapling":1,"minecraft:iron_pickaxe":72,"minecraft:stone_axe":24,"minecraft:cobblestone":60,"minecraft:oak_sapling":2,"minecraft:furnace":1,"minecraft:potato":1,"minecraft:cobbled_deepslate":3},"minecraft:custom":{"minecraft:interact_with_furnace":4,"minecraft:mob_kills":33,"minecraft:traded_with_villager":10,"minecraft:interact_with_crafting_table":13,"minecraft:open_barrel":5,"minecraft:leave_game":1,"minecraft:time_since_death":12255,"minecraft:climb_one_cm":441,"minecraft:time_since_rest":12257,"minecraft:sprint_one_cm":89065,"minecraft:damage_taken":900,"minecraft:walk_one_cm":92422,"minecraft:damage_blocked_by_shield":290,"minecraft:drop":4,"minecraft:damage_dealt":5985,"minecraft:talked_to_villager":7,"minecraft:fly_one_cm":68876,"minecraft:open_chest":1,"minecraft:crouch_one_cm":22296,"minecraft:play_time":28764,"minecraft:deaths":1,"minecraft:sneak_time":7678,"minecraft:interact_with_lectern":1,"minecraft:jump":616,"minecraft:walk_on_water_one_cm":1326,"minecraft:total_world_time":28764,"minecraft:fall_one_cm":8147},"minecraft:dropped":{"minecraft:raw_iron":8,"minecraft:apple":2,"minecraft:raw_iron_block":2},"minecraft:killed":{"minecraft:skeleton":2,"minecraft:zombie":31},"minecraft:crafted":{"minecraft:oak_planks":40,"minecraft:wooden_shovel":2,"minecraft:crafting_table":2,"minecraft:wooden_pickaxe":2,"minecraft:furnace":1,"minecraft:stone_axe":1,"minecraft:air":0,"minecraft:apple":10,"minecraft:wooden_hoe":1,"minecraft:stick":20,"minecraft:stone_pickaxe":3,"minecraft:stone_sword":2},"minecraft:broken":{"minecraft:stone_pickaxe":1}},"DataVersion":3700}