{"stats":{"minecraft:crafted":{"minecraft:cherry_planks":28,"minecraft:crafting_table":1,"minecraft:stick":4,"minecraft:wooden_pickaxe":1,"minecraft:wooden_axe":1},"minecraft:mined":{"minecraft:pink_petals":2,"minecraft:cherry_log":7,"minecraft:short_grass":4,"minecraft:grass_block":4,"minecraft:decorated_pot":1,"minecraft:dirt":2},"minecraft:dropped":{"minecraft:trial_key":2},"minecraft:custom":{"minecraft:time_since_rest":11441,"minecraft:sprint_one_cm":18707,"minecraft:damage_absorbed":82,"minecraft:damage_taken":189,"minecraft:walk_one_cm":21513,"minecraft:mob_kills":12,"minecraft:drop":2,"minecraft:damage_dealt":883,"minecraft:player_kills":2,"minecraft:interact_with_crafting_table":2,"minecraft:fly_one_cm":141788,"minecraft:open_chest":13,"minecraft:crouch_one_cm":1500,"minecraft:play_time":11441,"minecraft:sneak_time":1050,"minecraft:walk_under_water_one_cm":5445,"minecraft:jump":129,"minecraft:time_since_death":11441,"minecraft:walk_on_water_one_cm":1570,"minecraft:total_world_time":11441,"minecraft:fall_one_cm":6258},"minecraft:killed":{"minecraft:stray":2,"minecraft:slime":10},"minecraft:picked_up":{"minecraft:tipped_arrow":1,"minecraft:pink_petals":4,"minecraft:cherry_log":7,"minecraft:brick":4,"minecraft:dirt":6,"minecraft:iron_axe":1,"minecraft:bone":1,"minecraft:arrow":2,"minecraft:slime_ball":6,"minecraft:wheat_seeds":2,"minecraft:trial_key":3,"minecraft:emerald":6,"minecraft:glow_berries":1,"minecraft:cobblestone":192},"minecraft:used":{"minecraft:wooden_axe":6,"minecraft:wooden_pickaxe":2,"minecraft:trial_key":1,"minecraft:pink_petals":4,"minecraft:golden_apple":3,"minecraft:diamond_sword":20,"minecraft:bow":3,"minecraft:crafting_table":1}},"DataVersion":3953}