{"stats":{"minecraft:crafted":{"minecraft:cherry_planks":28,"minecraft:crafting_table":1,"minecraft:wooden_pickaxe":1,"minecraft:bow":1,"minecraft:stick":4,"minecraft:wooden_axe":1},"minecraft:mined":{"minecraft:cherry_log":7,"minecraft:short_grass":5,"minecraft:grass_block":4,"minecraft:decorated_pot":3,"minecraft:moss_block":1,"minecraft:pink_petals":2,"minecraft:black_stained_glass":1,"minecraft:waxed_copper_bulb":2,"minecraft:waxed_oxidized_copper_grate":5,"minecraft:waxed_copper_block":1,"minecraft:chiseled_tuff":1,"minecraft:waxed_oxidized_copper":1,"minecraft:dirt":2,"minecraft:cobweb":6},"minecraft:dropped":{"minecraft:iron_ingot":4,"minecraft:spore_blossom":1,"minecraft:cobblestone":512,"minecraft:glow_berries":1,"minecraft:honey_bottle":2,"minecraft:trial_key":6,"minecraft:waxed_copper_bulb":1,"minecraft:iron_axe":2,"minecraft:arrow":64,"minecraft:waxed_oxidized_copper_grate":5},"minecraft:custom":{"minecraft:mob_kills":85,"minecraft:interact_with_crafting_table":2,"minecraft:open_barrel":5,"minecraft:time_since_death":23441,"minecraft:sleep_in_bed":1,"minecraft:climb_one_cm":3161,"minecraft:time_since_rest":7999,"minecraft:sprint_one_cm":62896,"minecraft:walk_one_cm":60181,"minecraft:damage_taken":972,"minecraft:damage_absorbed":417,"minecraft:drop":23,"minecraft:damage_dealt":6581,"minecraft:fly_one_cm":203055,"minecraft:player_kills":2,"minecraft:open_chest":19,"minecraft:crouch_one_cm":1669,"minecraft:play_time":23441,"minecraft:sneak_time":1187,"minecraft:walk_under_water_one_cm":5445,"minecraft:jump":451,"minecraft:walk_on_water_one_cm":2035,"minecraft:total_world_time":23441,"minecraft:fall_one_cm":17438,"minecraft:inspect_dispenser":6},"minecraft:killed":{"minecraft:spider":17,"minecraft:slime":58,"minecraft:stray":7,"minecraft:breeze":2},"minecraft:picked_up":{"minecraft:pink_petals":4,"minecraft:ominous_bottle":2,"minecraft:waxed_copper_bulb":1,"minecraft:waxed_copper_block":1,"minecraft:brick":5,"minecraft:dirt":6,"minecraft:string":33,"minecraft:iron_axe":2,"minecraft:bone":19,"minecraft:bow":1,"minecraft:wheat_seeds":2,"minecraft:spore_blossom":1,"minecraft:iron_ingot":4,"minecraft:trial_key":11,"minecraft:cooked_chicken":1,"minecraft:waxed_oxidized_copper":1,"minecraft:tipped_arrow":11,"minecraft:cherry_log":7,"minecraft:trident":1,"minecraft:spider_eye":10,"minecraft:arrow":4,"minecraft:honey_bottle":2,"minecraft:slime_ball":64,"minecraft:waxed_oxidized_copper_grate":5,"minecraft:crossbow":1,"minecraft:breeze_rod":3,"minecraft:emerald":6,"minecraft:baked_potato":6,"minecraft:glow_berries":1,"minecraft:cobblestone":256},"minecraft:used":{"minecraft:trident":2,"minecraft:ender_pearl":2,"minecraft:wooden_pickaxe":2,"minecraft:trial_key":4,"minecraft:golden_apple":13,"minecraft:crafting_table":1,"minecraft:wooden_axe":6,"minecraft:diamond_pickaxe":12,"minecraft:pink_petals":4,"minecraft:diamond_sword":131,"minecraft:bow":4,"minecraft:cobblestone":2}},"DataVersion":3953}