{"stats":{"minecraft:crafted":{"minecraft:cherry_planks":28,"minecraft:crafting_table":1,"minecraft:wooden_pickaxe":1,"minecraft:wind_charge":24,"minecraft:bow":1,"minecraft:stick":4,"minecraft:wooden_axe":1},"minecraft:mined":{"minecraft:cherry_log":7,"minecraft:powder_snow":2,"minecraft:cave_vines_plant":2,"minecraft:short_grass":6,"minecraft:grass_block":4,"minecraft:decorated_pot":4,"minecraft:cobblestone":2,"minecraft:chiseled_tuff_bricks":3,"minecraft:moss_block":2,"minecraft:tuff_bricks":4,"minecraft:pink_petals":2,"minecraft:black_stained_glass":1,"minecraft:waxed_copper_bulb":2,"minecraft:waxed_oxidized_copper_grate":5,"minecraft:fire":1,"minecraft:waxed_copper_block":2,"minecraft:vine":1,"minecraft:chiseled_tuff":1,"minecraft:cave_vines":1,"minecraft:waxed_oxidized_copper":1,"minecraft:dirt":2,"minecraft:cobweb":6},"minecraft:dropped":{"minecraft:iron_ingot":4,"minecraft:tuff_bricks":4,"minecraft:cooked_chicken":1,"minecraft:glass_bottle":1,"minecraft:spore_blossom":1,"minecraft:crossbow":1,"minecraft:cobblestone":576,"minecraft:glow_berries":1,"minecraft:honey_bottle":2,"minecraft:wind_charge":11,"minecraft:tipped_arrow":17,"minecraft:trial_key":6,"minecraft:waxed_copper_bulb":1,"minecraft:potion":1,"minecraft:slime_ball":1,"minecraft:iron_axe":2,"minecraft:arrow":76,"minecraft:waxed_oxidized_copper_grate":5,"minecraft:brick":13},"minecraft:custom":{"minecraft:mob_kills":228,"minecraft:interact_with_crafting_table":2,"minecraft:open_barrel":5,"minecraft:time_since_death":35441,"minecraft:sleep_in_bed":1,"minecraft:climb_one_cm":7769,"minecraft:damage_resisted":93,"minecraft:time_since_rest":19999,"minecraft:sprint_one_cm":104486,"minecraft:walk_one_cm":114711,"minecraft:damage_taken":1514,"minecraft:damage_absorbed":855,"minecraft:damage_blocked_by_shield":20,"minecraft:drop":35,"minecraft:damage_dealt":14072,"minecraft:fly_one_cm":286080,"minecraft:player_kills":2,"minecraft:open_chest":21,"minecraft:crouch_one_cm":3427,"minecraft:play_time":35441,"minecraft:sneak_time":1825,"minecraft:walk_under_water_one_cm":5445,"minecraft:jump":758,"minecraft:walk_on_water_one_cm":2439,"minecraft:total_world_time":35441,"minecraft:fall_one_cm":30252,"minecraft:inspect_dispenser":6},"minecraft:killed":{"minecraft:spider":41,"minecraft:slime":158,"minecraft:stray":19,"minecraft:silverfish":1,"minecraft:breeze":6},"minecraft:picked_up":{"minecraft:pink_petals":4,"minecraft:ominous_bottle":2,"minecraft:potion":2,"minecraft:waxed_copper_bulb":1,"minecraft:waxed_copper_block":2,"minecraft:brick":26,"minecraft:wind_charge":11,"minecraft:dirt":6,"minecraft:string":60,"minecraft:iron_axe":2,"minecraft:bone":42,"minecraft:bow":1,"minecraft:wheat_seeds":2,"minecraft:spore_blossom":1,"minecraft:iron_ingot":4,"minecraft:trial_key":11,"minecraft:cooked_chicken":1,"minecraft:waxed_oxidized_copper":1,"minecraft:tipped_arrow":40,"minecraft:cherry_log":7,"minecraft:trident":1,"minecraft:spider_eye":22,"minecraft:diamond":2,"minecraft:arrow":28,"minecraft:honey_bottle":2,"minecraft:slime_ball":65,"minecraft:waxed_oxidized_copper_grate":5,"minecraft:crossbow":3,"minecraft:breeze_rod":6,"minecraft:emerald":8,"minecraft:baked_potato":20,"minecraft:tuff_bricks":8,"minecraft:glow_berries":1,"minecraft:ominous_trial_key":3,"minecraft:cobblestone":322},"minecraft:used":{"minecraft:trident":2,"minecraft:shield":1,"minecraft:ender_pearl":2,"minecraft:wooden_pickaxe":2,"minecraft:trial_key":5,"minecraft:golden_apple":21,"minecraft:crafting_table":1,"minecraft:wooden_axe":6,"minecraft:diamond_pickaxe":24,"minecraft:ominous_trial_key":1,"minecraft:wind_charge":5,"minecraft:pink_petals":4,"minecraft:potion":1,"minecraft:diamond_sword":281,"minecraft:bow":6,"minecraft:cobblestone":39,"minecraft:ominous_bottle":2,"minecraft:enchanted_golden_apple":1}},"DataVersion":3953}