{"stats":{"minecraft:killed":{"minecraft:zombie":8},"minecraft:used":{"minecraft:apple":1,"minecraft:stone_sword":29,"minecraft:command_block":1,"minecraft:stone_pickaxe":11,"minecraft:wooden_pickaxe":5,"minecraft:wooden_shovel":16,"minecraft:crafting_table":1,"minecraft:furnace":1,"minecraft:beehive":2},"minecraft:mined":{"minecraft:iron_ore":1,"minecraft:short_grass":3,"minecraft:oak_log":6,"minecraft:grass_block":4,"minecraft:coal_ore":2,"minecraft:dirt":11,"minecraft:stone":13,"minecraft:oak_leaves":1},"minecraft:crafted":{"minecraft:apple":3,"minecraft:oak_planks":20,"minecraft:oak_slab":6,"minecraft:wooden_shovel":1,"minecraft:crafting_table":1,"minecraft:stick":8,"minecraft:iron_ingot":1,"minecraft:wooden_pickaxe":1,"minecraft:stone_pickaxe":1,"minecraft:stone_sword":1,"minecraft:furnace":1,"minecraft:air":0},"minecraft:custom":{"minecraft:time_since_rest":12612,"minecraft:interact_with_furnace":3,"minecraft:sprint_one_cm":44668,"minecraft:damage_taken":220,"minecraft:walk_one_cm":40772,"minecraft:mob_kills":8,"minecraft:damage_dealt":1569,"minecraft:traded_with_villager":3,"minecraft:talked_to_villager":5,"minecraft:interact_with_crafting_table":6,"minecraft:fly_one_cm":50838,"minecraft:crouch_one_cm":4580,"minecraft:play_time":12612,"minecraft:sneak_time":1677,"minecraft:jump":246,"minecraft:leave_game":3,"minecraft:time_since_death":12612,"minecraft:walk_on_water_one_cm":214,"minecraft:total_world_time":12612,"minecraft:fall_one_cm":4153},"minecraft:picked_up":{"minecraft:raw_iron":1,"minecraft:oak_log":6,"minecraft:dirt":15,"minecraft:rotten_flesh":6,"minecraft:apple":1,"minecraft:wheat_seeds":1,"minecraft:oak_sapling":3,"minecraft:coal":2,"minecraft:cobblestone":13}},"DataVersion":3700}