{"stats":{"minecraft:mined":{"minecraft:short_grass":2,"minecraft:grass_block":4,"minecraft:oak_log":5,"minecraft:dirt":9,"minecraft:stone":44,"minecraft:oak_leaves":1},"minecraft:used":{"minecraft:stone_sword":20,"minecraft:crafting_table":1,"minecraft:stone_pickaxe":38,"minecraft:wooden_pickaxe":6,"minecraft:wooden_shovel":13},"minecraft:picked_up":{"minecraft:rotten_flesh":7,"minecraft:wheat_seeds":1,"minecraft:oak_log":5,"minecraft:oak_sapling":2,"minecraft:dirt":13,"minecraft:cobblestone":44},"minecraft:custom":{"minecraft:time_since_rest":5758,"minecraft:crouch_one_cm":3034,"minecraft:play_time":5758,"minecraft:sprint_one_cm":16174,"minecraft:damage_taken":130,"minecraft:walk_one_cm":14578,"minecraft:sneak_time":1295,"minecraft:mob_kills":7,"minecraft:jump":158,"minecraft:damage_dealt":867,"minecraft:time_since_death":5758,"minecraft:walk_on_water_one_cm":715,"minecraft:total_world_time":5758,"minecraft:fall_one_cm":3305,"minecraft:interact_with_crafting_table":5,"minecraft:fly_one_cm":22970},"minecraft:killed":{"minecraft:zombie":7},"minecraft:crafted":{"minecraft:stone_sword":1,"minecraft:oak_planks":20,"minecraft:wooden_shovel":1,"minecraft:stone_axe":1,"minecraft:crafting_table":1,"minecraft:stick":12,"minecraft:stone_pickaxe":1,"minecraft:wooden_pickaxe":1}},"DataVersion":3700}