{"stats":{"minecraft:mined":{"minecraft:birch_sapling":1,"minecraft:iron_ore":1,"minecraft:cobbled_deepslate":4,"minecraft:cornflower":3,"minecraft:azure_bluet":1,"minecraft:short_grass":99,"minecraft:oak_log":16,"minecraft:grass_block":6,"minecraft:coal_ore":2,"minecraft:dirt":19,"minecraft:tall_grass":2,"minecraft:cobblestone":1,"minecraft:stone":138,"minecraft:deepslate":1,"minecraft:oak_leaves":1},"minecraft:picked_up":{"minecraft:stick":3,"minecraft:raw_iron":1,"minecraft:azure_bluet":1,"minecraft:potato":1,"minecraft:oak_log":16,"minecraft:shield":1,"minecraft:cornflower":3,"minecraft:dirt":25,"minecraft:bone":5,"minecraft:arrow":5,"minecraft:rotten_flesh":15,"minecraft:cobbled_deepslate":4,"minecraft:wheat_seeds":9,"minecraft:oak_sapling":4,"minecraft:birch_sapling":3,"minecraft:coal":2,"minecraft:cobblestone":140},"minecraft:used":{"minecraft:wheat_seeds":9,"minecraft:wooden_hoe":11,"minecraft:apple":2,"minecraft:stone_sword":72,"minecraft:stone_pickaxe":137,"minecraft:birch_sapling":1,"minecraft:shield":7,"minecraft:wooden_pickaxe":10,"minecraft:wooden_shovel":25,"minecraft:rotten_flesh":5,"minecraft:stone_axe":24,"minecraft:cobblestone":13,"minecraft:crafting_table":2,"minecraft:furnace":1,"minecraft:oak_sapling":2,"minecraft:potato":1},"minecraft:custom":{"minecraft:time_since_rest":1251,"minecraft:interact_with_furnace":3,"minecraft:sprint_one_cm":60458,"minecraft:damage_taken":490,"minecraft:walk_one_cm":56040,"minecraft:damage_blocked_by_shield":290,"minecraft:mob_kills":25,"minecraft:drop":2,"minecraft:damage_dealt":4010,"minecraft:traded_with_villager":4,"minecraft:interact_with_crafting_table":12,"minecraft:talked_to_villager":4,"minecraft:fly_one_cm":47426,"minecraft:open_barrel":4,"minecraft:deaths":1,"minecraft:crouch_one_cm":11718,"minecraft:play_time":17758,"minecraft:sneak_time":3943,"minecraft:interact_with_lectern":1,"minecraft:jump":374,"minecraft:walk_on_water_one_cm":844,"minecraft:time_since_death":1249,"minecraft:total_world_time":17758,"minecraft:fall_one_cm":5751},"minecraft:dropped":{"minecraft:apple":2},"minecraft:killed":{"minecraft:skeleton":2,"minecraft:zombie":23},"minecraft:crafted":{"minecraft:apple":4,"minecraft:oak_planks":40,"minecraft:wooden_shovel":2,"minecraft:wooden_hoe":1,"minecraft:crafting_table":2,"minecraft:stick":16,"minecraft:wooden_pickaxe":2,"minecraft:stone_pickaxe":2,"minecraft:stone_sword":1,"minecraft:furnace":1,"minecraft:stone_axe":1,"minecraft:air":0},"minecraft:broken":{"minecraft:stone_pickaxe":1}},"DataVersion":3700}