{"stats":{"minecraft:dropped":{"minecraft:calcite":1},"minecraft:used":{"minecraft:calcite":832,"minecraft:red_sandstone_stairs":1,"minecraft:water_bucket":4,"minecraft:oak_door":9,"minecraft:glass":45,"minecraft:torch":2,"minecraft:diorite":19,"minecraft:dirt":4,"minecraft:red_concrete":41,"minecraft:smooth_sandstone":1,"minecraft:ladder":2,"minecraft:blackstone":64,"minecraft:chest":4,"minecraft:smooth_quartz":143,"minecraft:obsidian":6,"minecraft:bone_meal":27,"minecraft:spruce_sapling":4,"minecraft:deepslate":64,"minecraft:polished_diorite":57,"minecraft:stone_bricks":6},"minecraft:custom":{"minecraft:open_chest":20,"minecraft:time_since_rest":456,"minecraft:crouch_one_cm":5502,"minecraft:walk_one_cm":46564,"minecraft:play_time":102552,"minecraft:sprint_one_cm":57768,"minecraft:damage_taken":260,"minecraft:deaths":4,"minecraft:sneak_time":3791,"minecraft:drop":1,"minecraft:jump":333,"minecraft:leave_game":1,"minecraft:time_since_death":0,"minecraft:walk_on_water_one_cm":375,"minecraft:total_world_time":102552,"minecraft:climb_one_cm":797,"minecraft:talked_to_villager":1,"minecraft:fly_one_cm":759838}},"DataVersion":2730}