{"stats":{"minecraft:killed":{"minecraft:axolotl":2,"minecraft:zombie":9},"minecraft:mined":{"minecraft:infested_cobblestone":2,"minecraft:spruce_leaves":2,"minecraft:red_tulip":1,"minecraft:pink_tulip":1,"minecraft:stone":13,"minecraft:glass_pane":9,"minecraft:lily_of_the_valley":2,"minecraft:cobblestone":3,"minecraft:oak_planks":2,"minecraft:sugar_cane":2,"minecraft:wheat":1,"minecraft:spruce_log":5,"minecraft:grass":199,"minecraft:oak_log":16,"minecraft:dirt":1,"minecraft:oak_leaves":1},"minecraft:custom":{"minecraft:interact_with_anvil":1,"minecraft:mob_kills":14,"minecraft:interact_with_crafting_table":4,"minecraft:open_barrel":19,"minecraft:leave_game":7,"minecraft:time_since_death":1641,"minecraft:climb_one_cm":3696,"minecraft:sprint_one_cm":480106,"minecraft:walk_one_cm":859182,"minecraft:drop":68,"minecraft:talked_to_villager":7,"minecraft:play_time":695581,"minecraft:deaths":48,"minecraft:sneak_time":40061,"minecraft:walk_under_water_one_cm":60420,"minecraft:boat_one_cm":755,"minecraft:interact_with_lectern":2,"minecraft:jump":1759,"minecraft:walk_on_water_one_cm":28784,"minecraft:total_world_time":217006,"minecraft:interact_with_furnace":1,"minecraft:play_record":9,"minecraft:time_since_rest":1672,"minecraft:open_enderchest":1,"minecraft:damage_taken":2945,"minecraft:trigger_trapped_chest":42,"minecraft:damage_dealt":3602,"minecraft:swim_one_cm":11229,"minecraft:fly_one_cm":4392186,"minecraft:open_chest":122,"minecraft:crouch_one_cm":85742,"minecraft:fall_one_cm":2503,"minecraft:inspect_dispenser":34},"minecraft:dropped":{"minecraft:iron_ingot":1,"minecraft:wheat_seeds":4,"minecraft:chorus_fruit":2,"minecraft:crafting_table":1,"minecraft:oak_fence":1,"minecraft:jungle_planks":1,"minecraft:command_block":1,"minecraft:bedrock":4,"minecraft:stick":5,"minecraft:lava_bucket":8,"minecraft:dark_oak_leaves":1,"minecraft:potion":1,"minecraft:writable_book":4,"minecraft:jungle_leaves":1,"minecraft:prismarine_slab":1,"minecraft:trapped_chest":2,"minecraft:cut_copper_stairs":1,"minecraft:oak_planks":1,"minecraft:stone_stairs":1,"minecraft:diamond_ore":1,"minecraft:flint_and_steel":4,"minecraft:soul_campfire":1,"minecraft:coal_ore":1,"minecraft:oak_sapling":7,"minecraft:iron_ore":2,"minecraft:iron_bars":1,"minecraft:glass":1,"minecraft:horse_spawn_egg":1,"minecraft:nether_quartz_ore":1,"minecraft:white_concrete_powder":1,"minecraft:splash_potion":6},"minecraft:picked_up":{"minecraft:charcoal":4,"minecraft:music_disc_strad":2,"minecraft:nether_wart":1,"minecraft:enchanted_book":3,"minecraft:brain_coral_block":9,"minecraft:music_disc_cat":1,"minecraft:globe_banner_pattern":5,"minecraft:zombie_head":3,"minecraft:creeper_banner_pattern":3,"minecraft:horn_coral_block":21,"minecraft:red_dye":25,"minecraft:rose_bush":8,"minecraft:flower_banner_pattern":2,"minecraft:sugar_cane":4,"minecraft:mojang_banner_pattern":6,"minecraft:stick":5,"minecraft:orange_dye":37,"minecraft:music_disc_blocks":1,"minecraft:torch":22,"minecraft:music_disc_mellohi":1,"minecraft:gray_dye":25,"minecraft:white_dye":29,"minecraft:music_disc_11":1,"minecraft:black_dye":7,"minecraft:brown_dye":29,"minecraft:prismarine_crystals":9,"minecraft:rotten_flesh":7,"minecraft:peony":5,"minecraft:music_disc_ward":2,"minecraft:blue_dye":27,"minecraft:red_tulip":1,"minecraft:pink_tulip":1,"minecraft:tube_coral_block":12,"minecraft:turtle_spawn_egg":7,"minecraft:obsidian":8,"minecraft:skeleton_skull":1,"minecraft:soul_campfire":1,"minecraft:cobblestone":16,"minecraft:nautilus_shell":7,"minecraft:purple_dye":40,"minecraft:lilac":16,"minecraft:yellow_dye":21,"minecraft:music_disc_stal":1,"minecraft:ice":2,"minecraft:magenta_dye":17,"minecraft:bedrock":2,"minecraft:skull_banner_pattern":5,"minecraft:oak_log":16,"minecraft:wither_skeleton_skull":1,"minecraft:dirt":1,"minecraft:fire_coral_block":30,"minecraft:wheat_seeds":35,"minecraft:light_blue_dye":8,"minecraft:music_disc_far":2,"minecraft:iron_ingot":9,"minecraft:oak_planks":2,"minecraft:music_disc_chirp":1,"minecraft:green_dye":13,"minecraft:music_disc_13":2,"minecraft:quartz":14,"minecraft:spruce_sapling":1,"minecraft:spruce_log":5,"minecraft:lily_of_the_valley":2,"minecraft:music_disc_mall":2,"minecraft:lime_dye":13,"minecraft:diamond":2,"minecraft:campfire":1,"minecraft:lever":1,"minecraft:golden_apple":4,"minecraft:pink_dye":15,"minecraft:cyan_dye":14,"minecraft:oak_sapling":12,"minecraft:bubble_coral_block":29,"minecraft:chorus_fruit":6,"minecraft:sunflower":8},"minecraft:killed_by":{"minecraft:player":2,"minecraft:drowned":1},"minecraft:used":{"minecraft:oak_fence":2,"minecraft:moss_block":32,"minecraft:stripped_acacia_wood":30,"minecraft:nether_brick_fence":3,"minecraft:moss_carpet":32,"minecraft:netherite_sword":14,"minecraft:jungle_leaves":58,"minecraft:writable_book":14,"minecraft:iron_bars":1,"minecraft:redstone_ore":61,"minecraft:dispenser":4,"minecraft:bone_block":48,"minecraft:poppy":1,"minecraft:oak_sign":25,"minecraft:white_concrete_powder":17,"minecraft:axolotl_spawn_egg":2,"minecraft:chest":23,"minecraft:white_terracotta":5,"minecraft:stone":646,"minecraft:nether_wart":1,"minecraft:stripped_birch_wood":25,"minecraft:grass":17,"minecraft:vex_spawn_egg":24,"minecraft:netherrack":49,"minecraft:cut_copper_stairs":19,"minecraft:debug_stick":35,"minecraft:spruce_leaves":9,"minecraft:exposed_cut_copper_stairs":94,"minecraft:torch":6,"minecraft:anvil":1,"minecraft:dirt":101,"minecraft:birch_pressure_plate":1,"minecraft:ancient_debris":1,"minecraft:nether_quartz_ore":54,"minecraft:nether_bricks":9,"minecraft:stone_stairs":134,"minecraft:acacia_sapling":3,"minecraft:music_disc_11":1,"minecraft:music_disc_13":1,"minecraft:granite":1,"minecraft:nether_brick_stairs":1,"minecraft:obsidian":1,"minecraft:big_dripleaf":6,"minecraft:music_disc_mellohi":4,"minecraft:andesite_wall":6,"minecraft:jungle_sapling":1,"minecraft:glass":7,"minecraft:wooden_axe":6,"minecraft:sea_lantern":1,"minecraft:lava_bucket":42,"minecraft:stripped_dark_oak_wood":66,"minecraft:coal_ore":156,"minecraft:red_tulip":1,"minecraft:music_disc_pigstep":1,"minecraft:iron_block":4,"minecraft:grass_block":33,"minecraft:oak_stairs":4,"minecraft:birch_sapling":1,"minecraft:smooth_sandstone":1,"minecraft:quartz_block":1,"minecraft:jungle_log":8,"minecraft:music_disc_chirp":1,"minecraft:dark_oak_leaves":56,"minecraft:pink_stained_glass_pane":8,"minecraft:prismarine_slab":1,"minecraft:barrel":2,"minecraft:stone_brick_stairs":4,"minecraft:stone_bricks":50,"minecraft:item_frame":6,"minecraft:bedrock":193,"minecraft:tripwire_hook":5,"minecraft:red_carpet":8,"minecraft:glowstone":1,"minecraft:lime_concrete":2,"minecraft:bow":16,"minecraft:emerald_block":4,"minecraft:written_book":9,"minecraft:oak_sapling":9,"minecraft:gold_block":8,"minecraft:infested_cobblestone":129,"minecraft:trapped_chest":6,"minecraft:observer":3,"minecraft:hanging_roots":7,"minecraft:stripped_spruce_wood":1,"minecraft:dark_oak_sapling":209,"minecraft:wheat_seeds":31,"minecraft:emerald_ore":48,"minecraft:water_bucket":38,"minecraft:mossy_stone_bricks":27,"minecraft:diorite":1,"minecraft:end_rod":37,"minecraft:iron_ore":87,"minecraft:pink_tulip":1,"minecraft:prismarine_brick_slab":1,"minecraft:birch_leaves":23,"minecraft:birch_planks":2,"minecraft:stripped_birch_log":1,"minecraft:infested_stone":117,"minecraft:dark_oak_sign":8,"minecraft:oak_planks":171,"minecraft:copper_block":3,"minecraft:wooden_pickaxe":16,"minecraft:redstone_block":3,"minecraft:magenta_stained_glass":1,"minecraft:glow_ink_sac":1,"minecraft:sugar_cane":4,"minecraft:green_bed":1,"minecraft:horse_spawn_egg":17,"minecraft:gold_ore":28,"minecraft:cracked_stone_bricks":21,"minecraft:oak_leaves":30,"minecraft:jungle_wood":2,"minecraft:mossy_cobblestone":21,"minecraft:diamond_block":19,"minecraft:orange_carpet":1,"minecraft:purpur_stairs":1,"minecraft:sand":1,"minecraft:stripped_dark_oak_log":4,"minecraft:vine":362,"minecraft:light_blue_concrete":5,"minecraft:tnt":66,"minecraft:crafting_table":2,"minecraft:birch_sign":1,"minecraft:acacia_leaves":24,"minecraft:white_bed":1,"minecraft:campfire":4,"minecraft:black_concrete_powder":2,"minecraft:end_stone":60,"minecraft:cake":10,"minecraft:spruce_log":1,"minecraft:dark_oak_door":1,"minecraft:redstone_torch":6,"minecraft:oak_log":5,"minecraft:purple_stained_glass":1,"minecraft:yellow_dye":2,"minecraft:wooden_hoe":30,"minecraft:netherite_block":15,"minecraft:lever":1,"minecraft:ender_eye":5,"minecraft:black_concrete":23,"minecraft:dark_oak_log":33,"minecraft:command_block":12,"minecraft:music_disc_mall":1,"minecraft:lapis_ore":43,"minecraft:string":19,"minecraft:barrier":40,"minecraft:stone_button":1,"minecraft:netherite_axe":4,"minecraft:purpur_slab":1,"minecraft:diamond_ore":77,"minecraft:spruce_sapling":1,"minecraft:gravel":87,"minecraft:yellow_wool":1,"minecraft:chiseled_stone_bricks":23,"minecraft:diamond_sword":10,"minecraft:cod_spawn_egg":1,"minecraft:wooden_sword":25,"minecraft:cobblestone":46,"minecraft:potion":1,"minecraft:stripped_oak_wood":31,"minecraft:chain_command_block":20,"minecraft:dark_oak_fence":4,"minecraft:andesite":1,"minecraft:bucket":1,"minecraft:jungle_door":5,"minecraft:lapis_block":4,"minecraft:glass_pane":2,"minecraft:end_portal_frame":3,"minecraft:oak_boat":1,"minecraft:goat_spawn_egg":29,"minecraft:white_concrete":163,"minecraft:husk_spawn_egg":44,"minecraft:coarse_dirt":88,"minecraft:bone_meal":313,"minecraft:jukebox":7,"minecraft:cobweb":7,"minecraft:soul_torch":3},"minecraft:crafted":{"minecraft:wooden_sword":1,"minecraft:oak_planks":64,"minecraft:wooden_shovel":1,"minecraft:crafting_table":3,"minecraft:spruce_planks":20,"minecraft:wooden_pickaxe":2,"minecraft:wooden_hoe":1,"minecraft:stick":20,"minecraft:wooden_axe":1}},"DataVersion":2730}