{"stats":{"minecraft:mined":{"minecraft:deepslate_diamond_ore":1,"minecraft:crafting_table":1,"minecraft:short_grass":5,"minecraft:grass_block":5,"minecraft:cobblestone":1,"minecraft:tall_grass":1,"minecraft:deepslate_coal_ore":4,"minecraft:lapis_ore":1,"minecraft:deepslate_copper_ore":1,"minecraft:birch_sapling":1,"minecraft:birch_log":31,"minecraft:iron_ore":3,"minecraft:cobbled_deepslate":7,"minecraft:deepslate_lapis_ore":4,"minecraft:azure_bluet":1,"minecraft:coal_ore":4,"minecraft:oak_log":3,"minecraft:deepslate_iron_ore":2,"minecraft:dirt":19,"minecraft:stone":132,"minecraft:deepslate_emerald_ore":1,"minecraft:deepslate":10},"minecraft:used":{"minecraft:stone_sword":71,"minecraft:stone_pickaxe":124,"minecraft:wooden_pickaxe":21,"minecraft:shield":1,"minecraft:wooden_shovel":4,"minecraft:salmon":1,"minecraft:dirt":5,"minecraft:crafting_table":1,"minecraft:wooden_axe":10,"minecraft:apple":2,"minecraft:birch_sapling":12,"minecraft:iron_pickaxe":36,"minecraft:stone_axe":23,"minecraft:fishing_rod":2,"minecraft:cobblestone":17,"minecraft:furnace":1,"minecraft:birch_log":3,"minecraft:cobbled_deepslate":5},"minecraft:picked_up":{"minecraft:birch_log":31,"minecraft:crafting_table":1,"minecraft:azure_bluet":1,"minecraft:salmon":1,"minecraft:oak_log":2,"minecraft:lapis_lazuli":34,"minecraft:dirt":24,"minecraft:raw_copper":5,"minecraft:apple":3,"minecraft:wheat_seeds":1,"minecraft:cobbled_deepslate":17,"minecraft:birch_sapling":12,"minecraft:stick":7,"minecraft:raw_iron":13,"minecraft:bowl":1,"minecraft:raw_iron_block":2,"minecraft:rotten_flesh":12,"minecraft:diamond":1,"minecraft:emerald":1,"minecraft:coal":8,"minecraft:cobblestone":126},"minecraft:custom":{"minecraft:interact_with_furnace":14,"minecraft:mob_kills":17,"minecraft:interact_with_crafting_table":13,"minecraft:open_barrel":8,"minecraft:leave_game":1,"minecraft:time_since_death":12337,"minecraft:damage_resisted":40,"minecraft:time_since_rest":12340,"minecraft:sprint_one_cm":64013,"minecraft:damage_taken":575,"minecraft:walk_one_cm":74591,"minecraft:damage_blocked_by_shield":50,"minecraft:drop":1,"minecraft:damage_dealt":3605,"minecraft:talked_to_villager":8,"minecraft:fly_one_cm":94379,"minecraft:open_chest":1,"minecraft:crouch_one_cm":15690,"minecraft:play_time":28217,"minecraft:deaths":2,"minecraft:sneak_time":7391,"minecraft:jump":492,"minecraft:walk_on_water_one_cm":113,"minecraft:total_world_time":28217,"minecraft:fish_caught":1,"minecraft:fall_one_cm":21518},"minecraft:dropped":{"minecraft:shield":1},"minecraft:killed":{"minecraft:zombie":17},"minecraft:killed_by":{"minecraft:skeleton":1},"minecraft:crafted":{"minecraft:raw_iron":18,"minecraft:wooden_shovel":1,"minecraft:stone_shovel":1,"minecraft:crafting_table":1,"minecraft:wooden_pickaxe":2,"minecraft:furnace":1,"minecraft:birch_planks":48,"minecraft:stone_axe":1,"minecraft:air":0,"minecraft:shield":3,"minecraft:stick":20,"minecraft:iron_ingot":18,"minecraft:iron_pickaxe":1,"minecraft:stone_pickaxe":2,"minecraft:wooden_axe":1,"minecraft:stone_sword":2}},"DataVersion":3700}