{"stats":{"minecraft:mined":{"minecraft:short_grass":1,"minecraft:grass_block":1,"minecraft:dirt":5,"minecraft:birch_log":5,"minecraft:stone":12,"minecraft:azure_bluet":1},"minecraft:used":{"minecraft:apple":1,"minecraft:stone_sword":14,"minecraft:dirt":5,"minecraft:birch_sapling":2,"minecraft:wooden_pickaxe":12},"minecraft:picked_up":{"minecraft:birch_log":5,"minecraft:stick":1,"minecraft:azure_bluet":1,"minecraft:rotten_flesh":1,"minecraft:apple":1,"minecraft:birch_sapling":3,"minecraft:dirt":6,"minecraft:cobblestone":12},"minecraft:custom":{"minecraft:time_since_rest":5127,"minecraft:crouch_one_cm":983,"minecraft:play_time":5127,"minecraft:sprint_one_cm":9121,"minecraft:damage_taken":255,"minecraft:walk_one_cm":13811,"minecraft:sneak_time":894,"minecraft:mob_kills":1,"minecraft:jump":69,"minecraft:damage_dealt":686,"minecraft:time_since_death":5127,"minecraft:total_world_time":5127,"minecraft:talked_to_villager":1,"minecraft:fly_one_cm":12691,"minecraft:interact_with_crafting_table":2,"minecraft:fall_one_cm":1314},"minecraft:killed":{"minecraft:zombie":1},"minecraft:crafted":{"minecraft:stone_sword":1,"minecraft:stone_shovel":1,"minecraft:birch_planks":20,"minecraft:stone_axe":1,"minecraft:stick":8,"minecraft:stone_pickaxe":1,"minecraft:wooden_pickaxe":1}},"DataVersion":3700}