{"stats":{"minecraft:mined":{"minecraft:birch_sapling":1,"minecraft:iron_ore":1,"minecraft:birch_log":25,"minecraft:azure_bluet":1,"minecraft:short_grass":3,"minecraft:grass_block":5,"minecraft:coal_ore":3,"minecraft:dirt":18,"minecraft:tall_grass":1,"minecraft:stone":88},"minecraft:used":{"minecraft:apple":2,"minecraft:stone_sword":27,"minecraft:stone_pickaxe":80,"minecraft:birch_sapling":11,"minecraft:shield":1,"minecraft:wooden_pickaxe":16,"minecraft:wooden_shovel":3,"minecraft:stone_axe":23,"minecraft:salmon":1,"minecraft:fishing_rod":2,"minecraft:dirt":5,"minecraft:cobblestone":1,"minecraft:birch_log":3},"minecraft:picked_up":{"minecraft:birch_log":25,"minecraft:stick":7,"minecraft:raw_iron":1,"minecraft:azure_bluet":1,"minecraft:salmon":1,"minecraft:bowl":1,"minecraft:dirt":23,"minecraft:rotten_flesh":1,"minecraft:apple":3,"minecraft:wheat_seeds":1,"minecraft:birch_sapling":11,"minecraft:coal":3,"minecraft:cobblestone":82},"minecraft:custom":{"minecraft:time_since_rest":1250,"minecraft:interact_with_furnace":4,"minecraft:sprint_one_cm":43702,"minecraft:damage_taken":385,"minecraft:walk_one_cm":41444,"minecraft:damage_blocked_by_shield":50,"minecraft:mob_kills":5,"minecraft:drop":1,"minecraft:damage_dealt":1683,"minecraft:interact_with_crafting_table":4,"minecraft:talked_to_villager":3,"minecraft:fly_one_cm":73524,"minecraft:open_barrel":5,"minecraft:crouch_one_cm":7861,"minecraft:play_time":17127,"minecraft:deaths":2,"minecraft:sneak_time":3721,"minecraft:jump":302,"minecraft:time_since_death":1247,"minecraft:total_world_time":17127,"minecraft:damage_resisted":40,"minecraft:fish_caught":1,"minecraft:fall_one_cm":19293},"minecraft:dropped":{"minecraft:shield":1},"minecraft:killed_by":{"minecraft:skeleton":1},"minecraft:killed":{"minecraft:zombie":5},"minecraft:crafted":{"minecraft:wooden_shovel":1,"minecraft:stone_shovel":1,"minecraft:shield":2,"minecraft:stick":20,"minecraft:iron_ingot":2,"minecraft:wooden_pickaxe":2,"minecraft:stone_pickaxe":1,"minecraft:stone_sword":1,"minecraft:birch_planks":40,"minecraft:stone_axe":1,"minecraft:air":0}},"DataVersion":3700}