{"stats":{"minecraft:picked_up":{"minecraft:wooden_axe":1,"minecraft:iron_chestplate":1,"minecraft:chainmail_boots":2,"minecraft:diamond_sword":3,"minecraft:bee_spawn_egg":9,"minecraft:wither_rose":22,"minecraft:enchanted_book":19,"minecraft:golden_sword":2,"minecraft:music_disc_cat":2,"minecraft:string":247,"minecraft:soul_soil":1,"minecraft:wayfinder_armor_trim_smithing_template":2,"minecraft:explorer_pottery_sherd":2,"minecraft:cobbled_deepslate":2,"minecraft:iron_golem_spawn_egg":6,"minecraft:flower_banner_pattern":2,"minecraft:enchanted_golden_apple":184,"minecraft:crimson_sign":1,"minecraft:mojang_banner_pattern":1,"minecraft:sheaf_pottery_sherd":1,"minecraft:music_disc_blocks":2,"minecraft:big_dripleaf":1,"minecraft:black_dye":10,"minecraft:shaper_armor_trim_smithing_template":3,"minecraft:zombie_spawn_egg":1,"minecraft:command_block":23,"minecraft:vex_armor_trim_smithing_template":2,"minecraft:cow_spawn_egg":9,"minecraft:blue_dye":42,"minecraft:carved_pumpkin":4,"minecraft:wolf_spawn_egg":15,"minecraft:tadpole_bucket":26,"minecraft:blaze_rod":9,"minecraft:host_armor_trim_smithing_template":2,"minecraft:snowball":12,"minecraft:rabbit_spawn_egg":7,"minecraft:dune_armor_trim_smithing_template":5,"minecraft:feather":34,"minecraft:jungle_log":1,"minecraft:lantern":3,"minecraft:twisting_vines":25,"minecraft:rabbit":3,"minecraft:diamond_helmet":2,"minecraft:glowstone_dust":7,"minecraft:llama_spawn_egg":5,"minecraft:moss_block":1,"minecraft:glow_lichen":72,"minecraft:sheep_spawn_egg":13,"minecraft:quartz_bricks":1,"minecraft:snout_armor_trim_smithing_template":3,"minecraft:green_concrete":1,"minecraft:deepslate":60,"minecraft:angler_pottery_sherd":4,"minecraft:lever":2,"minecraft:writable_book":4,"minecraft:miner_pottery_sherd":1,"minecraft:horse_spawn_egg":6,"minecraft:cyan_dye":11,"minecraft:rooted_dirt":3,"minecraft:plenty_pottery_sherd":2,"minecraft:music_disc_5":3,"minecraft:shelter_pottery_sherd":4,"minecraft:bee_nest":1,"minecraft:leather_leggings":2,"minecraft:mourner_pottery_sherd":1,"minecraft:cat_spawn_egg":7,"minecraft:netherite_scrap":48,"minecraft:white_carpet":9,"minecraft:cracked_stone_bricks":3,"minecraft:netherite_sword":1,"minecraft:stripped_warped_stem":1,"minecraft:beef":9,"minecraft:jungle_sapling":53,"minecraft:poppy":2,"minecraft:chest":1,"minecraft:birch_sapling":67,"minecraft:sandstone":7,"minecraft:music_disc_mellohi":2,"minecraft:white_dye":29,"minecraft:skull_pottery_sherd":1,"minecraft:carrot":56,"minecraft:redstone":53,"minecraft:chicken_spawn_egg":7,"minecraft:repeating_command_block":4,"minecraft:beetroot_seeds":96,"minecraft:gold_ingot":4,"minecraft:totem_of_undying":10,"minecraft:mutton":3,"minecraft:white_wool":2,"minecraft:rail":1,"minecraft:heartbreak_pottery_sherd":2,"minecraft:clock":22,"minecraft:yellow_dye":54,"minecraft:red_mushroom":1,"minecraft:oak_log":8,"minecraft:ancient_debris":1,"minecraft:apple":4,"minecraft:stone_bricks":6,"minecraft:kelp":3,"minecraft:wild_armor_trim_smithing_template":1,"minecraft:music_disc_far":3,"minecraft:blade_pottery_sherd":6,"minecraft:glass_bottle":3,"minecraft:arms_up_pottery_sherd":2,"minecraft:flowering_azalea":60,"minecraft:chain_command_block":34,"minecraft:smooth_basalt":1,"minecraft:torchflower_seeds":1,"minecraft:gravel":102,"minecraft:prize_pottery_sherd":3,"minecraft:spruce_sapling":71,"minecraft:sea_lantern":1,"minecraft:camel_spawn_egg":17,"minecraft:archer_pottery_sherd":1,"minecraft:brewer_pottery_sherd":2,"minecraft:coal_ore":1,"minecraft:slime_ball":22,"minecraft:snort_pottery_sherd":3,"minecraft:donkey_spawn_egg":5,"minecraft:tide_armor_trim_smithing_template":1,"minecraft:short_grass":63,"minecraft:redstone_ore":1,"minecraft:painting":13,"minecraft:birch_sign":1,"minecraft:melon_seeds":33,"minecraft:pink_dye":34,"minecraft:mangrove_propagule":57,"minecraft:goat_spawn_egg":11,"minecraft:music_disc_strad":3,"minecraft:wheat":1,"minecraft:light_blue_concrete":3,"minecraft:redstone_block":10,"minecraft:sentry_armor_trim_smithing_template":4,"minecraft:raw_copper":62,"minecraft:globe_banner_pattern":4,"minecraft:armor_stand":1,"minecraft:zombie_head":3,"minecraft:oak_sign":57,"minecraft:eye_armor_trim_smithing_template":2,"minecraft:red_dye":23,"minecraft:azalea":1,"minecraft:smooth_quartz":1,"minecraft:iron_pickaxe":1,"minecraft:stick":23,"minecraft:porkchop":4,"minecraft:villager_spawn_egg":7,"minecraft:pointed_dripstone":1,"minecraft:music_disc_pigstep":5,"minecraft:vine":62,"minecraft:goat_horn":4,"minecraft:quartz_block":4,"minecraft:cactus":61,"minecraft:rotten_flesh":1293,"minecraft:music_disc_ward":4,"minecraft:chorus_flower":37,"minecraft:music_disc_wait":7,"minecraft:obsidian":16,"minecraft:cod":101,"minecraft:cobblestone":18,"minecraft:nautilus_shell":2,"minecraft:pink_petals":1,"minecraft:magma_cream":10,"minecraft:repeater":1,"minecraft:potato":57,"minecraft:magenta_dye":54,"minecraft:light_gray_dye":36,"minecraft:danger_pottery_sherd":5,"minecraft:lapis_lazuli":84,"minecraft:dirt":266,"minecraft:stripped_birch_log":1,"minecraft:name_tag":1,"minecraft:leather_boots":4,"minecraft:bone":375,"minecraft:wheat_seeds":141,"minecraft:raw_gold":40,"minecraft:light_blue_dye":29,"minecraft:netherite_axe":4,"minecraft:mossy_stone_bricks":2,"minecraft:bamboo":50,"minecraft:oak_planks":2,"minecraft:axolotl_spawn_egg":11,"minecraft:ghast_tear":9,"minecraft:music_disc_13":4,"minecraft:pig_spawn_egg":16,"minecraft:sand":47,"minecraft:jungle_planks":2,"minecraft:grass_block":2,"minecraft:diamond_block":1,"minecraft:sugar":13,"minecraft:yellow_carpet":26,"minecraft:diamond":91,"minecraft:polished_blackstone_button":11,"minecraft:golden_apple":9,"minecraft:white_concrete":48,"minecraft:emerald":58,"minecraft:parrot_spawn_egg":17,"minecraft:piglin_banner_pattern":3,"minecraft:oak_sapling":58,"minecraft:nether_star":7,"minecraft:fishing_rod":23,"minecraft:cocoa_beans":10,"minecraft:azure_bluet":1,"minecraft:chicken":34,"minecraft:structure_block":4,"minecraft:shield":1,"minecraft:moss_carpet":15,"minecraft:item_frame":12,"minecraft:creeper_banner_pattern":6,"minecraft:spire_armor_trim_smithing_template":2,"minecraft:player_head":2,"minecraft:tinted_glass":15,"minecraft:sugar_cane":18,"minecraft:mule_spawn_egg":12,"minecraft:phantom_membrane":3,"minecraft:dark_oak_sapling":44,"minecraft:raw_iron":97,"minecraft:orange_dye":50,"minecraft:end_stone":64,"minecraft:copper_ingot":9,"minecraft:mooshroom_spawn_egg":1,"minecraft:gray_dye":34,"minecraft:stone_button":37,"minecraft:frog_spawn_egg":12,"minecraft:music_disc_11":2,"minecraft:friend_pottery_sherd":5,"minecraft:brown_dye":21,"minecraft:howl_pottery_sherd":4,"minecraft:weeping_vines":51,"minecraft:arrow":113,"minecraft:saddle":49,"minecraft:skeleton_skull":1,"minecraft:purple_dye":62,"minecraft:basalt":1,"minecraft:burn_pottery_sherd":4,"minecraft:salmon":46,"minecraft:leather":11,"minecraft:music_disc_stal":3,"minecraft:birch_planks":1,"minecraft:bedrock":8,"minecraft:crimson_fungus":32,"minecraft:gunpowder":97,"minecraft:heart_pottery_sherd":3,"minecraft:coast_armor_trim_smithing_template":2,"minecraft:red_carpet":11,"minecraft:rabbit_hide":1,"minecraft:spruce_wood":4,"minecraft:iron_ingot":14,"minecraft:music_disc_chirp":2,"minecraft:purple_concrete":1,"minecraft:green_dye":56,"minecraft:warped_fungus":38,"minecraft:nether_quartz_ore":1,"minecraft:pitcher_plant":1,"minecraft:quartz":107,"minecraft:amethyst_shard":5,"minecraft:gold_ore":1,"minecraft:spider_eye":16,"minecraft:music_disc_mall":1,"minecraft:pumpkin_seeds":22,"minecraft:lime_dye":26,"minecraft:chainmail_leggings":2,"minecraft:iron_helmet":3,"minecraft:cherry_sapling":67,"minecraft:black_wool":1,"minecraft:coal":191,"minecraft:sunflower":1},"minecraft:killed_by":{"minecraft:zombie":31,"minecraft:stray":1,"minecraft:warden":2,"minecraft:drowned":1,"minecraft:piglin":4,"minecraft:illusioner":1,"minecraft:skeleton":1},"minecraft:mined":{"minecraft:jungle_log":1,"minecraft:cobbled_deepslate":2,"minecraft:spruce_wood":4,"minecraft:kelp_plant":1,"minecraft:tinted_glass":5,"minecraft:wheat":5,"minecraft:pitcher_plant":1,"minecraft:polished_blackstone_button":1,"minecraft:potatoes":4,"minecraft:vine":1,"minecraft:short_grass":88,"minecraft:tall_grass":8,"minecraft:black_stained_glass":5,"minecraft:mangrove_leaves":11,"minecraft:gravel":1,"minecraft:grass_block":7,"minecraft:infested_cobblestone":4,"minecraft:azure_bluet":1,"minecraft:poppy":2,"minecraft:seagrass":4,"minecraft:oak_log":7,"minecraft:beetroots":1,"minecraft:sand":2,"minecraft:dirt":4,"minecraft:oak_leaves":25,"minecraft:rooted_dirt":2,"minecraft:carrots":1,"minecraft:deepslate_iron_ore":1,"minecraft:stone":4,"minecraft:sculk_sensor":1,"minecraft:cocoa":1},"minecraft:used":{"minecraft:moss_block":221,"minecraft:orange_dye":4,"minecraft:nether_brick_fence":9,"minecraft:jack_o_lantern":5,"minecraft:writable_book":98,"minecraft:chiseled_deepslate":51,"minecraft:smooth_quartz_slab":11,"minecraft:ladder":23,"minecraft:spruce_slab":20,"minecraft:suspicious_sand":102,"minecraft:poppy":13,"minecraft:chest":301,"minecraft:stone":2019,"minecraft:quartz_stairs":2,"minecraft:red_nether_brick_stairs":8,"minecraft:warped_sign":5,"minecraft:farmland":31,"minecraft:rotten_flesh":4,"minecraft:tube_coral":26,"minecraft:soul_sand":2,"minecraft:cocoa_beans":25,"minecraft:lily_of_the_valley":27,"minecraft:skeleton_spawn_egg":3,"minecraft:blue_stained_glass":23,"minecraft:brick_slab":12,"minecraft:cracked_deepslate_tiles":3,"minecraft:acacia_sapling":10,"minecraft:orange_wool":3,"minecraft:jungle_slab":1,"minecraft:allium":1,"minecraft:deepslate_brick_slab":914,"minecraft:yellow_candle":7,"minecraft:snowball":1,"minecraft:azure_bluet":10,"minecraft:weeping_vines":6,"minecraft:stripped_spruce_log":59,"minecraft:warden_spawn_egg":4,"minecraft:jungle_sapling":15,"minecraft:packed_ice":52,"minecraft:honey_block":231,"minecraft:honeycomb":171,"minecraft:lava_bucket":863,"minecraft:quartz_pillar":31,"minecraft:villager_spawn_egg":16,"minecraft:red_wool":22,"minecraft:warped_hyphae":28,"minecraft:grass_block":1142,"minecraft:deepslate_copper_ore":2,"minecraft:birch_sapling":10,"minecraft:quartz_block":1874,"minecraft:copper_ore":28,"minecraft:netherite_hoe":54,"minecraft:dark_oak_leaves":31,"minecraft:dark_oak_slab":18,"minecraft:cherry_leaves":35,"minecraft:pink_wool":2,"minecraft:stone_brick_stairs":256,"minecraft:netherite_boots":1,"minecraft:stripped_mangrove_log":67,"minecraft:infested_mossy_stone_bricks":8,"minecraft:snow":540,"minecraft:bow":8,"minecraft:furnace":12,"minecraft:sweet_berries":11,"minecraft:yellow_glazed_terracotta":44,"minecraft:oak_sapling":28,"minecraft:acacia_fence":30,"minecraft:end_stone_brick_stairs":51,"minecraft:potato":16,"minecraft:dragon_head":2,"minecraft:seagrass":5,"minecraft:lime_glazed_terracotta":59,"minecraft:deepslate_brick_wall":84,"minecraft:emerald_ore":19,"minecraft:short_grass":3,"minecraft:mossy_stone_bricks":81,"minecraft:bamboo_mosaic":11,"minecraft:diorite":52,"minecraft:damaged_anvil":1,"minecraft:leather_leggings":1,"minecraft:end_stone_bricks":29,"minecraft:cow_spawn_egg":18,"minecraft:cut_copper_slab":9,"minecraft:stripped_birch_log":93,"minecraft:prismarine":85,"minecraft:blackstone":488,"minecraft:orange_tulip":1,"minecraft:cactus":48,"minecraft:wooden_pickaxe":3,"minecraft:mossy_stone_brick_stairs":33,"minecraft:black_glazed_terracotta":17,"minecraft:clay":45,"minecraft:purpur_pillar":3,"minecraft:oak_leaves":27,"minecraft:smooth_quartz_stairs":42,"minecraft:glow_berries":241,"minecraft:respawn_anchor":3,"minecraft:golden_apple":2,"minecraft:dark_oak_trapdoor":11,"minecraft:sand":703,"minecraft:blue_dye":6,"minecraft:purpur_stairs":1,"minecraft:blast_furnace":2,"minecraft:acacia_leaves":35,"minecraft:cyan_dye":3,"minecraft:blue_ice":14,"minecraft:netherite_helmet":1,"minecraft:stripped_cherry_wood":3,"minecraft:gray_concrete":131,"minecraft:chiseled_quartz_block":29,"minecraft:black_concrete_powder":4,"minecraft:pumpkin_seeds":8,"minecraft:deepslate_brick_stairs":141,"minecraft:lightning_rod":3,"minecraft:red_sandstone":28,"minecraft:chiseled_sandstone":4,"minecraft:crying_obsidian":31,"minecraft:birch_slab":17,"minecraft:deepslate_iron_ore":7,"minecraft:zombie_head":5,"minecraft:stone_button":135,"minecraft:verdant_froglight":10,"minecraft:spore_blossom":24,"minecraft:lectern":18,"minecraft:polished_granite":52,"minecraft:diamond_ore":49,"minecraft:flowering_azalea_leaves":41,"minecraft:soul_lantern":14,"minecraft:coal_block":17,"minecraft:nether_wart_block":211,"minecraft:fire_charge":4,"minecraft:suspicious_gravel":1,"minecraft:dark_oak_fence":78,"minecraft:smithing_table":1,"minecraft:bubble_coral_block":43,"minecraft:white_stained_glass":159,"minecraft:birch_log":9,"minecraft:piglin_spawn_egg":5,"minecraft:ice":59,"minecraft:oak_hanging_sign":25,"minecraft:purple_wool":2,"minecraft:gray_stained_glass":758,"minecraft:oak_trapdoor":1,"minecraft:polished_blackstone_brick_slab":13,"minecraft:dead_bush":30,"minecraft:enchanting_table":1,"minecraft:orange_concrete":2,"minecraft:brain_coral_fan":12,"minecraft:red_concrete":902,"minecraft:armor_stand":29,"minecraft:light_gray_carpet":61,"minecraft:mycelium":49,"minecraft:stripped_warped_stem":9,"minecraft:tinted_glass":2,"minecraft:structure_block":524,"minecraft:netherrack":87,"minecraft:bee_spawn_egg":1,"minecraft:torch":5,"minecraft:green_glazed_terracotta":14,"minecraft:orange_stained_glass":9,"minecraft:dragon_egg":1,"minecraft:anvil":14,"minecraft:target":8,"minecraft:ancient_debris":27,"minecraft:light_blue_dye":12,"minecraft:nether_quartz_ore":23,"minecraft:chorus_flower":3,"minecraft:twisting_vines":3,"minecraft:stone_stairs":40,"minecraft:light_gray_glazed_terracotta":31,"minecraft:yellow_carpet":19,"minecraft:blue_concrete":10,"minecraft:glow_lichen":205,"minecraft:mud_brick_stairs":105,"minecraft:oak_fence_gate":2,"minecraft:polished_diorite":41,"minecraft:small_dripleaf":18,"minecraft:shroomlight":85,"minecraft:flowering_azalea":1,"minecraft:sea_lantern":83,"minecraft:chipped_anvil":1,"minecraft:bamboo_fence":5,"minecraft:gray_dye":6,"minecraft:rooted_dirt":24,"minecraft:iron_block":3,"minecraft:light_weighted_pressure_plate":3,"minecraft:iron_axe":12,"minecraft:spawner":2,"minecraft:slime_block":33,"minecraft:warped_fence":78,"minecraft:polished_deepslate_wall":5,"minecraft:jungle_log":101,"minecraft:smooth_quartz":148,"minecraft:lime_dye":5,"minecraft:totem_of_undying":1,"minecraft:mud_bricks":253,"minecraft:bamboo":1,"minecraft:barrel":43,"minecraft:melon_seeds":11,"minecraft:blaze_spawn_egg":3,"minecraft:smooth_basalt":89,"minecraft:diamond_chestplate":1,"minecraft:basalt":90,"minecraft:purple_concrete":25,"minecraft:glowstone":67,"minecraft:lime_concrete":1,"minecraft:magenta_wool":6,"minecraft:tall_grass":6,"minecraft:gray_glazed_terracotta":8,"minecraft:podzol":232,"minecraft:trapped_chest":2,"minecraft:cobbled_deepslate":100,"minecraft:acacia_planks":3,"minecraft:cherry_fence":28,"minecraft:magenta_dye":4,"minecraft:observer":10,"minecraft:horn_coral_fan":10,"minecraft:pointed_dripstone":328,"minecraft:deepslate_emerald_ore":5,"minecraft:calcite":1,"minecraft:wheat_seeds":36,"minecraft:water_bucket":1164,"minecraft:chiseled_bookshelf":7,"minecraft:warped_stem":155,"minecraft:mangrove_wood":28,"minecraft:light_blue_glazed_terracotta":3,"minecraft:tube_coral_block":110,"minecraft:prismarine_brick_slab":34,"minecraft:birch_planks":768,"minecraft:lime_wool":14,"minecraft:bubble_coral_fan":9,"minecraft:red_mushroom_block":190,"minecraft:cauldron":3,"minecraft:glow_ink_sac":161,"minecraft:deepslate_bricks":656,"minecraft:gold_ore":104,"minecraft:cracked_stone_bricks":169,"minecraft:gilded_blackstone":15,"minecraft:pink_concrete":2,"minecraft:sculk_shrieker":5,"minecraft:diamond_block":98,"minecraft:comparator":9,"minecraft:brown_dye":1,"minecraft:mossy_cobblestone":50,"minecraft:vine":242,"minecraft:rail":117,"minecraft:green_dye":14,"minecraft:tnt":10,"minecraft:oak_slab":459,"minecraft:crafting_table":22,"minecraft:phantom_spawn_egg":6,"minecraft:birch_sign":114,"minecraft:campfire":7,"minecraft:fire_coral":20,"minecraft:spruce_log":410,"minecraft:cake":1,"minecraft:mushroom_stem":72,"minecraft:cornflower":10,"minecraft:yellow_dye":21,"minecraft:amethyst_cluster":26,"minecraft:ender_eye":30,"minecraft:oak_log":245,"minecraft:oxeye_daisy":18,"minecraft:dark_prismarine":75,"minecraft:warped_trapdoor":15,"minecraft:light":848,"minecraft:stripped_jungle_log":21,"minecraft:sunflower":43,"minecraft:mangrove_propagule":3,"minecraft:oak_button":4,"minecraft:suspicious_stew":26,"minecraft:iron_pickaxe":1,"minecraft:spruce_trapdoor":179,"minecraft:crimson_nylium":8,"minecraft:spruce_sapling":8,"minecraft:crimson_sign":4,"minecraft:chiseled_stone_bricks":82,"minecraft:cobblestone":2787,"minecraft:potion":6,"minecraft:azalea_leaves":220,"minecraft:black_candle":12,"minecraft:repeating_command_block":351,"minecraft:end_portal_frame":37,"minecraft:brush":1,"minecraft:stripped_oak_log":64,"minecraft:kelp":50,"minecraft:brown_mushroom_block":113,"minecraft:dandelion":39,"minecraft:sculk_vein":62,"minecraft:moss_carpet":80,"minecraft:cherry_sapling":22,"minecraft:polished_deepslate":66,"minecraft:melon":6,"minecraft:bone_block":111,"minecraft:diamond_hoe":9,"minecraft:oak_sign":772,"minecraft:polished_basalt":316,"minecraft:axolotl_spawn_egg":19,"minecraft:decorated_pot":11,"minecraft:shield":20,"minecraft:zombie_spawn_egg":9,"minecraft:iron_sword":4,"minecraft:creeper_head":1,"minecraft:stripped_jungle_wood":1,"minecraft:bubble_coral":21,"minecraft:mossy_stone_brick_slab":19,"minecraft:player_head":18,"minecraft:sculk_sensor":14,"minecraft:stripped_crimson_stem":1,"minecraft:iron_chestplate":1,"minecraft:debug_stick":226,"minecraft:spruce_leaves":56,"minecraft:stray_spawn_egg":4,"minecraft:jungle_planks":164,"minecraft:orange_glazed_terracotta":12,"minecraft:carrot":14,"minecraft:prismarine_brick_stairs":33,"minecraft:tuff":9,"minecraft:beehive":358,"minecraft:cyan_wool":5,"minecraft:milk_bucket":2,"minecraft:obsidian":307,"minecraft:polished_deepslate_stairs":42,"minecraft:big_dripleaf":97,"minecraft:glass":571,"minecraft:mangrove_log":57,"minecraft:bricks":20,"minecraft:coal_ore":43,"minecraft:spruce_wood":49,"minecraft:lantern":41,"minecraft:blue_orchid":6,"minecraft:packed_mud":98,"minecraft:green_wool":135,"minecraft:warped_nylium":17,"minecraft:iron_helmet":3,"minecraft:dark_oak_wood":151,"minecraft:mossy_cobblestone_slab":11,"minecraft:crimson_roots":2,"minecraft:raw_gold_block":26,"minecraft:stone_bricks":3311,"minecraft:item_frame":10,"minecraft:horn_coral":11,"minecraft:bedrock":4314,"minecraft:deepslate_diamond_ore":5,"minecraft:repeater":559,"minecraft:birch_trapdoor":16,"minecraft:reinforced_deepslate":361,"minecraft:red_carpet":185,"minecraft:honeycomb_block":205,"minecraft:magma_block":131,"minecraft:brown_carpet":15,"minecraft:hay_block":77,"minecraft:warped_fungus":3,"minecraft:scaffolding":4,"minecraft:written_book":11,"minecraft:mangrove_roots":285,"minecraft:beetroot_seeds":22,"minecraft:gold_block":414,"minecraft:skeleton_skull":3,"minecraft:fire_coral_fan":23,"minecraft:pearlescent_froglight":9,"minecraft:stripped_spruce_wood":150,"minecraft:dark_oak_sapling":2,"minecraft:mangrove_leaves":197,"minecraft:zombie_horse_spawn_egg":1,"minecraft:dark_oak_stairs":47,"minecraft:bamboo_trapdoor":10,"minecraft:tube_coral_fan":19,"minecraft:torchflower":26,"minecraft:stripped_acacia_log":16,"minecraft:witch_spawn_egg":2,"minecraft:birch_leaves":6,"minecraft:dark_oak_sign":36,"minecraft:birch_wood":21,"minecraft:oak_planks":1479,"minecraft:jungle_fence":4,"minecraft:sandstone":152,"minecraft:structure_void":2,"minecraft:redstone_block":695,"minecraft:end_stone_brick_slab":26,"minecraft:sugar_cane":37,"minecraft:diamond_axe":52,"minecraft:calibrated_sculk_sensor":12,"minecraft:white_wool":1030,"minecraft:brain_coral":17,"minecraft:netherite_leggings":1,"minecraft:light_blue_concrete":494,"minecraft:lime_stained_glass_pane":1,"minecraft:loom":3,"minecraft:light_blue_wool":17,"minecraft:yellow_concrete":1,"minecraft:note_block":6,"minecraft:sponge":4,"minecraft:dripstone_block":640,"minecraft:ochre_froglight":88,"minecraft:stone_brick_wall":78,"minecraft:shears":2,"minecraft:deepslate_lapis_ore":5,"minecraft:end_stone":78,"minecraft:cobbled_deepslate_stairs":69,"minecraft:creeper_spawn_egg":11,"minecraft:sticky_piston":1,"minecraft:redstone_torch":15,"minecraft:lever":29,"minecraft:green_concrete":39,"minecraft:black_concrete":788,"minecraft:daylight_detector":5,"minecraft:dark_oak_log":84,"minecraft:light_gray_concrete":13,"minecraft:nether_sprouts":2,"minecraft:string":106,"minecraft:barrier":1581,"minecraft:deepslate":727,"minecraft:gravel":61,"minecraft:jungle_sign":2,"minecraft:torchflower_seeds":6,"minecraft:grindstone":3,"minecraft:white_concrete":1017,"minecraft:coarse_dirt":45,"minecraft:chain":63,"minecraft:chest_minecart":16,"minecraft:stripped_cherry_log":5,"minecraft:bone_meal":1332,"minecraft:cobweb":87,"minecraft:azalea":1,"minecraft:oak_fence":76,"minecraft:netherite_sword":122,"minecraft:jungle_leaves":188,"minecraft:trident":3,"minecraft:rose_bush":4,"minecraft:cherry_wood":6,"minecraft:crimson_fence":51,"minecraft:flint_and_steel":201,"minecraft:cracked_deepslate_bricks":64,"minecraft:redstone_ore":26,"minecraft:redstone":228,"minecraft:spruce_planks":492,"minecraft:sculk":1343,"minecraft:deepslate_gold_ore":2,"minecraft:wooden_shovel":4,"minecraft:stripped_birch_wood":37,"minecraft:dried_kelp_block":13,"minecraft:end_stone_brick_wall":50,"minecraft:dirt":492,"minecraft:white_carpet":334,"minecraft:prismarine_bricks":169,"minecraft:spruce_stairs":123,"minecraft:cobblestone_wall":50,"minecraft:oak_wood":1,"minecraft:bee_nest":20,"minecraft:raw_iron_block":4,"minecraft:pink_dye":12,"minecraft:spruce_fence":9,"minecraft:light_blue_stained_glass":205,"minecraft:dark_oak_planks":155,"minecraft:birch_door":1,"minecraft:ravager_spawn_egg":2,"minecraft:purple_stained_glass_pane":10,"minecraft:stone_brick_slab":141,"minecraft:wooden_axe":7,"minecraft:red_tulip":1,"minecraft:bookshelf":10,"minecraft:oak_stairs":796,"minecraft:smooth_sandstone":70,"minecraft:acacia_slab":19,"minecraft:red_candle":20,"minecraft:polished_blackstone_brick_stairs":4,"minecraft:light_gray_wool":22,"minecraft:waxed_cut_copper_slab":29,"minecraft:black_stained_glass":313,"minecraft:emerald_block":15,"minecraft:pitcher_plant":8,"minecraft:lime_stained_glass":2,"minecraft:black_dye":1,"minecraft:drowned_spawn_egg":8,"minecraft:netherite_pickaxe":7,"minecraft:infested_cobblestone":43,"minecraft:horn_coral_block":85,"minecraft:stone_pressure_plate":10,"minecraft:enchanted_golden_apple":16,"minecraft:zombified_piglin_spawn_egg":1,"minecraft:red_dye":21,"minecraft:mossy_stone_brick_wall":5,"minecraft:brown_candle":4,"minecraft:orange_stained_glass_pane":1,"minecraft:pumpkin":19,"minecraft:bamboo_planks":167,"minecraft:brain_coral_block":39,"minecraft:quartz_bricks":217,"minecraft:jigsaw":21,"minecraft:iron_ore":47,"minecraft:amethyst_block":601,"minecraft:cobblestone_stairs":51,"minecraft:lodestone":37,"minecraft:snow_block":11,"minecraft:netherite_chestplate":1,"minecraft:mud_brick_slab":119,"minecraft:red_nether_bricks":65,"minecraft:iron_golem_spawn_egg":4,"minecraft:brown_mushroom":5,"minecraft:cut_sandstone":13,"minecraft:spruce_sign":1,"minecraft:white_dye":2,"minecraft:beacon":13,"minecraft:red_glazed_terracotta":11,"minecraft:cobblestone_slab":115,"minecraft:waxed_copper_block":1,"minecraft:jungle_wood":26,"minecraft:polished_blackstone_pressure_plate":7,"minecraft:mangrove_trapdoor":7,"minecraft:stripped_dark_oak_log":111,"minecraft:dark_prismarine_slab":10,"minecraft:red_mushroom":8,"minecraft:yellow_stained_glass_pane":1,"minecraft:painting":70,"minecraft:piglin_head":1,"minecraft:smoker":2,"minecraft:activator_rail":19,"minecraft:flower_pot":2,"minecraft:gray_terracotta":6,"minecraft:netherite_block":3,"minecraft:wooden_hoe":7,"minecraft:acacia_stairs":12,"minecraft:black_wool":117,"minecraft:apple":2,"minecraft:command_block":2124,"minecraft:lapis_ore":28,"minecraft:netherite_axe":229,"minecraft:jungle_stairs":5,"minecraft:magenta_concrete":1,"minecraft:stone_slab":118,"minecraft:budding_amethyst":7,"minecraft:purple_dye":11,"minecraft:yellow_wool":12,"minecraft:fishing_rod":43,"minecraft:stone_axe":16,"minecraft:pink_petals":171,"minecraft:fire_coral_block":86,"minecraft:crimson_fungus":2,"minecraft:mud_brick_wall":67,"minecraft:bucket":20,"minecraft:chain_command_block":2043,"minecraft:lapis_block":11,"minecraft:magenta_glazed_terracotta":47,"minecraft:pumpkin_pie":1,"minecraft:sea_pickle":271,"minecraft:polished_blackstone_button":296,"minecraft:smooth_stone":70,"minecraft:sculk_catalyst":68,"minecraft:pillager_spawn_egg":2,"minecraft:birch_stairs":2,"minecraft:chainmail_leggings":2},"minecraft:custom":{"minecraft:interact_with_crafting_table":28,"minecraft:open_barrel":80,"minecraft:leave_game":406,"minecraft:time_since_death":1860,"minecraft:damage_blocked_by_shield":1380,"minecraft:play_time":9387027,"minecraft:deaths":1092,"minecraft:jump":20512,"minecraft:interact_with_furnace":34,"minecraft:traded_with_villager":20,"minecraft:damage_dealt":96672,"minecraft:horse_one_cm":1078,"minecraft:interact_with_smithing_table":2,"minecraft:interact_with_anvil":10,"minecraft:sneak_time":309865,"minecraft:interact_with_lectern":28,"minecraft:total_world_time":9946301,"minecraft:tune_noteblock":22,"minecraft:time_since_rest":1861,"minecraft:swim_one_cm":164105,"minecraft:fly_one_cm":87847610,"minecraft:open_chest":477,"minecraft:fall_one_cm":229269,"minecraft:damage_resisted":413476,"minecraft:sprint_one_cm":4165205,"minecraft:drop":4975,"minecraft:talked_to_villager":233,"minecraft:walk_on_water_one_cm":406215,"minecraft:interact_with_beacon":2,"minecraft:crouch_one_cm":233326,"minecraft:mob_kills":428,"minecraft:fill_cauldron":2,"minecraft:damage_dealt_resisted":6065,"minecraft:climb_one_cm":9685,"minecraft:walk_one_cm":4363762,"minecraft:walk_under_water_one_cm":732632,"minecraft:pot_flower":3,"minecraft:interact_with_grindstone":2,"minecraft:damage_taken":36419,"minecraft:damage_absorbed":2518,"minecraft:trigger_trapped_chest":1,"minecraft:minecart_one_cm":268},"minecraft:killed":{"minecraft:cave_spider":27,"minecraft:mule":1,"minecraft:skeleton":6,"minecraft:chicken":1,"minecraft:skeleton_horse":1,"minecraft:cat":2,"minecraft:parrot":2,"minecraft:iron_golem":3,"minecraft:goat":1,"minecraft:donkey":3,"minecraft:zombie":152,"minecraft:cow":2,"minecraft:evoker":8,"minecraft:horse":1,"minecraft:rabbit":3,"minecraft:frog":3,"minecraft:ravager":12,"minecraft:witch":12,"minecraft:wither":2,"minecraft:bee":1,"minecraft:axolotl":2,"minecraft:silverfish":4,"minecraft:illusioner":7,"minecraft:camel":1,"minecraft:wolf":3,"minecraft:piglin":20,"minecraft:pig":1,"minecraft:creeper":30,"minecraft:sheep":1,"minecraft:mooshroom":1,"minecraft:ghast":2,"minecraft:blaze":17,"minecraft:vex":10,"minecraft:phantom":12,"minecraft:llama":2,"minecraft:drowned":12,"minecraft:wither_skeleton":19,"minecraft:villager":9},"minecraft:crafted":{"minecraft:decorated_pot":2,"minecraft:leather_leggings":11,"minecraft:potion":1,"minecraft:wooden_axe":1,"minecraft:oak_planks":12,"minecraft:suspicious_stew":4,"minecraft:crafting_table":2,"minecraft:spruce_planks":12,"minecraft:wooden_pickaxe":2,"minecraft:apple":8,"minecraft:stick":8,"minecraft:iron_ingot":1,"minecraft:leather_chestplate":11,"minecraft:leather_boots":11,"minecraft:mushroom_stew":3,"minecraft:sugar":3,"minecraft:sniffer_egg":3,"minecraft:stone_axe":1,"minecraft:jungle_planks":4,"minecraft:pumpkin_pie":1},"minecraft:dropped":{"minecraft:repeating_command_block":153,"minecraft:short_grass":130,"minecraft:porkchop":4,"minecraft:respawn_anchor":1,"minecraft:lapis_lazuli":11,"minecraft:glow_ink_sac":3,"minecraft:emerald_ore":1,"minecraft:diamond":3,"minecraft:spore_blossom":1,"minecraft:crafting_table":1,"minecraft:weeping_vines":3,"minecraft:glow_berries":2,"minecraft:rooted_dirt":4,"minecraft:cracked_stone_bricks":4,"minecraft:saddle":33,"minecraft:camel_spawn_egg":4,"minecraft:bubble_coral_fan":1,"minecraft:red_carpet":6,"minecraft:light_weighted_pressure_plate":1,"minecraft:emerald":4,"minecraft:gold_block":6,"minecraft:gray_concrete":2,"minecraft:dirt":248,"minecraft:melon":1,"minecraft:stone_button":29,"minecraft:yellow_dye":4,"minecraft:horn_coral":3,"minecraft:jungle_sapling":6,"minecraft:bubble_coral_block":1,"minecraft:writable_book":83,"minecraft:bone_meal":12,"minecraft:bone_block":2,"minecraft:sand":5,"minecraft:iron_pickaxe":1,"minecraft:sugar":8,"minecraft:fishing_rod":3,"minecraft:small_amethyst_bud":1,"minecraft:white_wool":14,"minecraft:danger_pottery_sherd":1,"minecraft:bone":120,"minecraft:brain_coral_fan":1,"minecraft:emerald_block":1,"minecraft:sugar_cane":13,"minecraft:ancient_debris":4,"minecraft:diamond_block":8,"minecraft:lever":6,"minecraft:tinted_glass":16,"minecraft:birch_sapling":12,"minecraft:pink_dye":1,"minecraft:netherite_sword":4,"minecraft:wheat":8,"minecraft:obsidian":9,"minecraft:stripped_dark_oak_log":1,"minecraft:deepslate_brick_slab":5,"minecraft:rotten_flesh":805,"minecraft:oak_planks":40,"minecraft:birch_wood":1,"minecraft:enchanted_golden_apple":184,"minecraft:end_stone":130,"minecraft:quartz_bricks":8,"minecraft:azure_bluet":1,"minecraft:salmon":2,"minecraft:waxed_copper_block":1,"minecraft:orange_stained_glass":1,"minecraft:black_glazed_terracotta":1,"minecraft:sea_lantern":4,"minecraft:deepslate_tiles":1,"minecraft:azalea_leaves":1,"minecraft:skull_banner_pattern":1,"minecraft:piglin_spawn_egg":1,"minecraft:coal_ore":4,"minecraft:quartz_block":48,"minecraft:honey_block":2,"minecraft:jungle_log":1,"minecraft:leather_boots":4,"minecraft:acacia_sapling":2,"minecraft:leather_leggings":2,"minecraft:glass":1,"minecraft:beef":9,"minecraft:podzol":2,"minecraft:crying_obsidian":1,"minecraft:ghast_tear":4,"minecraft:stone_brick_stairs":3,"minecraft:enchanted_book":5,"minecraft:iron_ingot":4,"minecraft:wolf_spawn_egg":4,"minecraft:wheat_seeds":78,"minecraft:mooshroom_spawn_egg":1,"minecraft:birch_leaves":1,"minecraft:clock":1,"minecraft:dripstone_block":2,"minecraft:horn_coral_block":2,"minecraft:iron_golem_spawn_egg":2,"minecraft:deepslate_diamond_ore":1,"minecraft:creeper_spawn_egg":2,"minecraft:tadpole_bucket":7,"minecraft:cobblestone":130,"minecraft:barrier":25,"minecraft:oak_fence":1,"minecraft:feather":28,"minecraft:iron_helmet":2,"minecraft:purple_concrete":4,"minecraft:apple":10,"minecraft:command_block":527,"minecraft:sheep_spawn_egg":4,"minecraft:stripped_cherry_wood":2,"minecraft:chicken_spawn_egg":4,"minecraft:polished_blackstone_button":15,"minecraft:coal_block":1,"minecraft:yellow_carpet":8,"minecraft:coal":557,"minecraft:mushroom_stew":2,"minecraft:golden_apple":4,"minecraft:oxeye_daisy":2,"minecraft:dark_oak_leaves":2,"minecraft:sculk":8,"minecraft:sponge":1,"minecraft:wooden_axe":26,"minecraft:rabbit":1,"minecraft:yellow_glazed_terracotta":4,"minecraft:lapis_ore":1,"minecraft:potion":1,"minecraft:stripped_birch_log":4,"minecraft:oak_stairs":2,"minecraft:pumpkin":1,"minecraft:chainmail_leggings":1,"minecraft:string":74,"minecraft:spruce_sapling":21,"minecraft:stone_brick_slab":4,"minecraft:moss_carpet":9,"minecraft:redstone_ore":3,"minecraft:zombie_spawn_egg":3,"minecraft:ravager_spawn_egg":1,"minecraft:player_head":4,"minecraft:dark_oak_sign":1,"minecraft:cocoa_beans":8,"minecraft:bowl":1,"minecraft:deepslate":13,"minecraft:diamond_hoe":1,"minecraft:chicken":28,"minecraft:white_carpet":9,"minecraft:bamboo_mosaic":1,"minecraft:blue_concrete":5,"minecraft:structure_block":283,"minecraft:stone_slab":1,"minecraft:name_tag":1,"minecraft:light_blue_concrete":16,"minecraft:light_gray_concrete":1,"minecraft:glow_lichen":8,"minecraft:magenta_concrete":1,"minecraft:budding_amethyst":1,"minecraft:diamond_ore":4,"minecraft:oak_sign":153,"minecraft:polished_deepslate_stairs":2,"minecraft:shears":1,"minecraft:pumpkin_seeds":14,"minecraft:suspicious_stew":7,"minecraft:target":2,"minecraft:diamond_sword":1,"minecraft:big_dripleaf":1,"minecraft:potato":17,"minecraft:cobblestone_slab":1,"minecraft:hay_block":2,"minecraft:rabbit_spawn_egg":1,"minecraft:shroomlight":1,"minecraft:stone":29,"minecraft:brain_coral_block":8,"minecraft:lime_glazed_terracotta":3,"minecraft:allium":3,"minecraft:spruce_trapdoor":1,"minecraft:spruce_planks":1,"minecraft:wooden_shovel":4,"minecraft:fire_coral_block":2,"minecraft:redstone_torch":5,"minecraft:carved_pumpkin":2,"minecraft:small_dripleaf":1,"minecraft:stone_pressure_plate":2,"minecraft:spider_eye":6,"minecraft:stone_bricks":70,"minecraft:barrel":3,"minecraft:bamboo":15,"minecraft:sandstone":6,"minecraft:blue_orchid":4,"minecraft:orange_stained_glass_pane":1,"minecraft:horse_spawn_egg":1,"minecraft:stripped_spruce_wood":5,"minecraft:black_wool":3,"minecraft:gold_ore":4,"minecraft:soul_sand":2,"minecraft:moss_block":2,"minecraft:brown_mushroom":1,"minecraft:birch_planks":10,"minecraft:llama_spawn_egg":2,"minecraft:orange_dye":4,"minecraft:warped_fungus":11,"minecraft:oak_log":12,"minecraft:mule_spawn_egg":1,"minecraft:nether_star":4,"minecraft:dark_oak_sapling":10,"minecraft:tube_coral_block":1,"minecraft:decorated_pot":1,"minecraft:stripped_birch_wood":3,"minecraft:lantern":2,"minecraft:tube_coral_fan":2,"minecraft:leather":6,"minecraft:honeycomb":1,"minecraft:jungle_planks":6,"minecraft:red_wool":2,"minecraft:bedrock":118,"minecraft:raw_gold_block":1,"minecraft:cod":46,"minecraft:dark_oak_log":1,"minecraft:packed_ice":2,"minecraft:netherite_scrap":3,"minecraft:mojang_banner_pattern":1,"minecraft:dark_oak_wood":1,"minecraft:mutton":3,"minecraft:snowball":12,"minecraft:jungle_sign":1,"minecraft:axolotl_bucket":1,"minecraft:tube_coral":3,"minecraft:black_concrete":3,"minecraft:black_stained_glass":1,"minecraft:gold_ingot":1,"minecraft:armor_stand":2,"minecraft:gravel":98,"minecraft:crimson_fungus":10,"minecraft:blackstone":5,"minecraft:mangrove_roots":1,"minecraft:pig_spawn_egg":7,"minecraft:twisting_vines":2,"minecraft:goat_spawn_egg":6,"minecraft:pointed_dripstone":1,"minecraft:cherry_sapling":23,"minecraft:prismarine":3,"minecraft:beehive":34,"minecraft:carrot":12,"minecraft:chiseled_stone_bricks":3,"minecraft:leather_chestplate":1,"minecraft:gunpowder":39,"minecraft:reinforced_deepslate":3,"minecraft:glowstone":11,"minecraft:fire_coral_fan":2,"minecraft:beetroot_seeds":46,"minecraft:horn_coral_fan":2,"minecraft:melon_seeds":4,"minecraft:azalea":1,"minecraft:bee_nest":1,"minecraft:chest":27,"minecraft:spruce_wood":1,"minecraft:iron_ore":3,"minecraft:basalt":7,"minecraft:arrow":53,"minecraft:chain_command_block":780,"minecraft:oak_leaves":4,"minecraft:axolotl_spawn_egg":10,"minecraft:written_book":3,"minecraft:polished_granite":23,"minecraft:netherrack":1,"minecraft:spawner":1,"minecraft:water_bucket":3,"minecraft:stripped_spruce_log":3,"minecraft:oak_slab":4,"minecraft:vine":9,"minecraft:chorus_flower":21,"minecraft:mossy_cobblestone":1,"minecraft:netherite_axe":9,"minecraft:mangrove_propagule":7,"minecraft:amethyst_block":6,"minecraft:parrot_spawn_egg":3,"minecraft:grass_block":24,"minecraft:stick":15,"minecraft:bee_spawn_egg":2,"minecraft:pearlescent_froglight":2,"minecraft:milk_bucket":2,"minecraft:diorite":5,"minecraft:sculk_catalyst":1,"minecraft:repeater":101,"minecraft:white_concrete":27,"minecraft:smooth_quartz":1,"minecraft:crimson_sign":1,"minecraft:fire_charge":1,"minecraft:zombie_horse_spawn_egg":1,"minecraft:jungle_leaves":3,"minecraft:wither_rose":22,"minecraft:flowering_azalea":4,"minecraft:raw_iron_block":1,"minecraft:polished_basalt":5,"minecraft:cactus":27,"minecraft:pink_petals":1,"minecraft:redstone_block":166,"minecraft:smooth_basalt":5,"minecraft:redstone":37,"minecraft:polished_deepslate":2,"minecraft:polished_diorite":3,"minecraft:farmland":1,"minecraft:red_concrete":3,"minecraft:bubble_coral":2,"minecraft:kelp":2,"minecraft:brown_dye":10,"minecraft:gray_stained_glass":4,"minecraft:coarse_dirt":1,"minecraft:blaze_rod":1,"minecraft:raw_copper":7,"minecraft:gray_glazed_terracotta":1,"minecraft:raw_iron":49,"minecraft:light_gray_wool":3,"minecraft:villager_spawn_egg":8,"minecraft:comparator":1,"minecraft:stripped_oak_log":2,"minecraft:green_concrete":5,"minecraft:ender_eye":1,"minecraft:totem_of_undying":8,"minecraft:acacia_leaves":1,"minecraft:donkey_spawn_egg":1,"minecraft:flint_and_steel":5,"minecraft:light":68,"minecraft:deepslate_bricks":7,"minecraft:copper_ore":2,"minecraft:snow":9,"minecraft:gray_terracotta":1,"minecraft:shield":1,"minecraft:oak_button":1,"minecraft:mossy_stone_bricks":5,"minecraft:fire_coral":3,"minecraft:blue_ice":2,"minecraft:oak_sapling":4,"minecraft:cat_spawn_egg":3,"minecraft:end_portal_frame":1,"minecraft:frog_spawn_egg":7,"minecraft:golden_sword":1,"minecraft:brain_coral":2,"minecraft:birch_sign":11,"minecraft:cow_spawn_egg":3,"minecraft:spruce_log":1,"minecraft:slime_ball":22,"minecraft:stripped_warped_stem":1,"minecraft:raw_gold":5,"minecraft:nether_quartz_ore":3,"minecraft:magma_cream":4,"minecraft:white_stained_glass":1,"minecraft:amethyst_cluster":1}},"DataVersion":3700}