{"stats":{"minecraft:dropped":{"minecraft:nether_brick_stairs":1,"minecraft:crimson_stem":1,"minecraft:birch_planks":5,"minecraft:orange_dye":1,"minecraft:glow_ink_sac":1,"minecraft:bedrock":15,"minecraft:item_frame":3,"minecraft:gold_block":6,"minecraft:dirt":1,"minecraft:birch_fence":1,"minecraft:dark_oak_log":1,"minecraft:stone_button":2,"minecraft:writable_book":1,"minecraft:gravel":1,"minecraft:blackstone":1,"minecraft:obsidian":1,"minecraft:pointed_dripstone":2,"minecraft:oak_planks":3,"minecraft:end_stone":1,"minecraft:chiseled_stone_bricks":12,"minecraft:sea_lantern":5,"minecraft:glowstone":1,"minecraft:chest":2,"minecraft:glass":1,"minecraft:chain_command_block":15,"minecraft:written_book":1,"minecraft:netherrack":1,"minecraft:water_bucket":1,"minecraft:dripstone_block":1,"minecraft:barrier":11,"minecraft:cobblestone":9,"minecraft:command_block":15,"minecraft:grass_block":5,"minecraft:stick":1,"minecraft:lava_bucket":1,"minecraft:iron_block":1,"minecraft:dark_oak_leaves":1,"minecraft:repeater":6,"minecraft:white_concrete":6,"minecraft:dried_kelp":1,"minecraft:jungle_leaves":1,"minecraft:red_dye":1,"minecraft:trapped_chest":6,"minecraft:redstone_block":2,"minecraft:redstone":4,"minecraft:coarse_dirt":1,"minecraft:deepslate":5,"minecraft:slime_block":2,"minecraft:structure_block":16,"minecraft:stone_slab":1,"minecraft:oak_sign":15,"minecraft:cobblestone_slab":1,"minecraft:stone":4,"minecraft:end_stone_brick_stairs":1,"minecraft:oak_sapling":5,"minecraft:stone_pressure_plate":1,"minecraft:stone_bricks":34},"minecraft:picked_up":{"minecraft:string":2,"minecraft:shroomlight":1,"minecraft:stick":6,"minecraft:rotten_flesh":2,"minecraft:cobblestone":44,"minecraft:birch_log":14,"minecraft:jungle_log":5,"minecraft:dirt":7,"minecraft:stripped_birch_log":2,"minecraft:wheat_seeds":1,"minecraft:oak_planks":5,"minecraft:black_terracotta":7,"minecraft:stripped_spruce_log":2,"minecraft:diamond":11,"minecraft:black_concrete":8,"minecraft:oak_sapling":6,"minecraft:chorus_fruit":5,"minecraft:crafting_table":1,"minecraft:gold_block":1,"minecraft:flint_and_steel":4,"minecraft:item_frame":2,"minecraft:oak_boat":1,"minecraft:jungle_sapling":1,"minecraft:dark_oak_sapling":2,"minecraft:tnt":9,"minecraft:nether_bricks":12,"minecraft:gold_ingot":5,"minecraft:stripped_oak_log":3,"minecraft:crimson_stem":7,"minecraft:oak_log":13,"minecraft:iron_ore":1,"minecraft:lava_bucket":6},"minecraft:killed":{"minecraft:axolotl":9,"minecraft:zombie":10},"minecraft:crafted":{"minecraft:oak_planks":28,"minecraft:crafting_table":5,"minecraft:spruce_planks":8,"minecraft:wooden_pickaxe":4,"minecraft:birch_planks":36,"minecraft:stick":24,"minecraft:wooden_sword":1,"minecraft:fishing_rod":1,"minecraft:stone_pickaxe":1,"minecraft:crimson_planks":28,"minecraft:stone_axe":2,"minecraft:jungle_planks":4,"minecraft:warped_fungus_on_a_stick":1,"minecraft:wooden_axe":2},"minecraft:mined":{"minecraft:black_terracotta":7,"minecraft:jungle_leaves":51,"minecraft:grass_block":6,"minecraft:jungle_log":5,"minecraft:iron_ore":1,"minecraft:cobblestone":13,"minecraft:oak_planks":5,"minecraft:birch_log":15,"minecraft:tnt":9,"minecraft:oak_log":13,"minecraft:dirt":2,"minecraft:oak_leaves":7,"minecraft:dark_oak_leaves":23,"minecraft:stripped_birch_log":2,"minecraft:nether_bricks":12,"minecraft:crimson_stem":7,"minecraft:stripped_spruce_log":2,"minecraft:black_concrete":8,"minecraft:shroomlight":1,"minecraft:stripped_oak_log":3,"minecraft:stone":35,"minecraft:crafting_table":1,"minecraft:cobweb":2},"minecraft:used":{"minecraft:moss_block":199,"minecraft:orange_dye":6,"minecraft:nether_brick_fence":41,"minecraft:moss_carpet":122,"minecraft:writable_book":10,"minecraft:poppy":5,"minecraft:bone_block":42,"minecraft:oak_sign":107,"minecraft:white_concrete_powder":2,"minecraft:axolotl_spawn_egg":4,"minecraft:chest":20,"minecraft:white_terracotta":58,"minecraft:stone":1918,"minecraft:nether_wart":3,"minecraft:warped_sign":2,"minecraft:bubble_coral":5,"minecraft:tube_coral":6,"minecraft:spruce_leaves":16,"minecraft:oxidized_cut_copper":79,"minecraft:soul_sand":28,"minecraft:jungle_planks":5,"minecraft:nether_bricks":234,"minecraft:allium":8,"minecraft:yellow_candle":12,"minecraft:acacia_sapling":6,"minecraft:tuff":239,"minecraft:azure_bluet":8,"minecraft:weeping_vines":7,"minecraft:stripped_spruce_log":2,"minecraft:obsidian":317,"minecraft:big_dripleaf":8,"minecraft:jungle_sapling":8,"minecraft:glass":138,"minecraft:lava_bucket":330,"minecraft:bricks":73,"minecraft:coal_ore":61,"minecraft:quartz_pillar":14,"minecraft:lantern":5,"minecraft:deepslate_copper_ore":31,"minecraft:grass_block":482,"minecraft:blue_orchid":9,"minecraft:birch_sapling":9,"minecraft:quartz_block":139,"minecraft:copper_ore":11,"minecraft:wet_sponge":3,"minecraft:dark_oak_leaves":58,"minecraft:crimson_roots":9,"minecraft:raw_gold_block":3,"minecraft:stone_brick_stairs":62,"minecraft:stone_bricks":1426,"minecraft:item_frame":51,"minecraft:bedrock":717,"minecraft:deepslate_diamond_ore":3,"minecraft:red_carpet":43,"minecraft:red_stained_glass_pane":9,"minecraft:repeater":52,"minecraft:magma_block":10,"minecraft:snow":1,"minecraft:horn_coral":2,"minecraft:hay_block":10,"minecraft:written_book":7,"minecraft:oak_sapling":1,"minecraft:gold_block":122,"minecraft:end_stone_brick_stairs":6,"minecraft:fire_coral_fan":6,"minecraft:dragon_head":3,"minecraft:seagrass":2,"minecraft:dark_oak_sapling":21,"minecraft:deepslate_brick_wall":1,"minecraft:emerald_ore":35,"minecraft:tube_coral_fan":4,"minecraft:stripped_birch_log":6,"minecraft:birch_leaves":29,"minecraft:acacia_trapdoor":29,"minecraft:dark_oak_sign":9,"minecraft:stone_pickaxe":43,"minecraft:jungle_fence":2,"minecraft:oak_planks":233,"minecraft:blackstone":8,"minecraft:wooden_pickaxe":42,"minecraft:jungle_pressure_plate":1,"minecraft:redstone_block":14,"minecraft:end_stone_brick_slab":1,"minecraft:diamond_axe":2,"minecraft:clay":39,"minecraft:oak_leaves":75,"minecraft:brain_coral":4,"minecraft:glow_berries":71,"minecraft:dark_oak_trapdoor":4,"minecraft:blue_dye":7,"minecraft:sand":360,"minecraft:deepslate_redstone_ore":19,"minecraft:acacia_leaves":19,"minecraft:chiseled_quartz_block":33,"minecraft:dripstone_block":228,"minecraft:stone_brick_wall":12,"minecraft:black_concrete_powder":21,"minecraft:end_stone":51,"minecraft:cobbled_deepslate_stairs":17,"minecraft:birch_fence":6,"minecraft:redstone_torch":4,"minecraft:black_terracotta":117,"minecraft:sticky_piston":2,"minecraft:lever":1,"minecraft:black_concrete":123,"minecraft:dark_oak_log":6,"minecraft:nether_sprouts":6,"minecraft:deepslate_iron_ore":53,"minecraft:string":22,"minecraft:barrier":573,"minecraft:stone_button":35,"minecraft:spore_blossom":2,"minecraft:polished_granite":18,"minecraft:oak_pressure_plate":1,"minecraft:diamond_ore":22,"minecraft:deepslate":1203,"minecraft:gravel":155,"minecraft:diamond_sword":43,"minecraft:wooden_sword":7,"minecraft:bubble_coral_block":15,"minecraft:birch_log":15,"minecraft:deepslate_coal_ore":77,"minecraft:chain":5,"minecraft:oak_boat":1,"minecraft:white_concrete":539,"minecraft:coarse_dirt":72,"minecraft:bone_meal":146,"minecraft:cobweb":3,"minecraft:jungle_leaves":119,"minecraft:rose_bush":1,"minecraft:iron_bars":2,"minecraft:acacia_log":11,"minecraft:flint_and_steel":4,"minecraft:dead_bush":1,"minecraft:brain_coral_fan":7,"minecraft:redstone_ore":52,"minecraft:redstone":47,"minecraft:spruce_planks":112,"minecraft:tinted_glass":38,"minecraft:ender_chest":4,"minecraft:deepslate_gold_ore":26,"minecraft:wooden_shovel":9,"minecraft:structure_block":55,"minecraft:netherrack":309,"minecraft:torch":4,"minecraft:dragon_egg":2,"minecraft:dirt":846,"minecraft:anvil":6,"minecraft:chorus_flower":5,"minecraft:nether_quartz_ore":35,"minecraft:twisting_vines":11,"minecraft:stone_stairs":8,"minecraft:jungle_trapdoor":1,"minecraft:glow_lichen":70,"minecraft:nether_brick_stairs":43,"minecraft:fern":8,"minecraft:andesite_wall":13,"minecraft:stone_brick_slab":118,"minecraft:wooden_axe":12,"minecraft:sea_lantern":89,"minecraft:oak_stairs":1,"minecraft:slime_block":38,"minecraft:jungle_log":9,"minecraft:lime_dye":3,"minecraft:barrel":2,"minecraft:smooth_basalt":53,"minecraft:bamboo":12,"minecraft:basalt":1,"minecraft:glowstone":148,"minecraft:waxed_cut_copper_slab":26,"minecraft:podzol":29,"minecraft:trapped_chest":19,"minecraft:horn_coral_block":10,"minecraft:stone_pressure_plate":36,"minecraft:red_dye":4,"minecraft:cobbled_deepslate":74,"minecraft:horn_coral_fan":8,"minecraft:pointed_dripstone":70,"minecraft:deepslate_emerald_ore":39,"minecraft:brain_coral_block":10,"minecraft:crimson_stem":1,"minecraft:calcite":1,"minecraft:water_bucket":672,"minecraft:warped_stem":1,"minecraft:amethyst_block":268,"minecraft:iron_ore":57,"minecraft:cobblestone_stairs":2,"minecraft:tube_coral_block":20,"minecraft:birch_planks":296,"minecraft:bubble_coral_fan":1,"minecraft:white_dye":4,"minecraft:glow_ink_sac":7,"minecraft:cobblestone_slab":42,"minecraft:gold_ore":75,"minecraft:warped_roots":2,"minecraft:jungle_wood":49,"minecraft:mossy_cobblestone":4,"minecraft:crafting_table":6,"minecraft:oak_slab":1,"minecraft:strider_spawn_egg":1,"minecraft:birch_sign":37,"minecraft:fire_coral":4,"minecraft:cake":3,"minecraft:dark_oak_door":13,"minecraft:oak_log":45,"minecraft:amethyst_cluster":9,"minecraft:ender_eye":1,"minecraft:yellow_dye":6,"minecraft:oxeye_daisy":8,"minecraft:diamond_shovel":4,"minecraft:command_block":134,"minecraft:netherite_axe":8,"minecraft:lapis_ore":95,"minecraft:stone_slab":63,"minecraft:spruce_sapling":5,"minecraft:budding_amethyst":9,"minecraft:purple_dye":4,"minecraft:stone_axe":37,"minecraft:chiseled_stone_bricks":264,"minecraft:fire_coral_block":11,"minecraft:cobblestone":492,"minecraft:end_crystal":1,"minecraft:chain_command_block":78,"minecraft:repeating_command_block":4,"minecraft:end_portal_frame":8,"minecraft:sea_pickle":61,"minecraft:polished_blackstone_button":9,"minecraft:stripped_oak_log":18,"minecraft:kelp":69},"minecraft:custom":{"minecraft:interact_with_crafting_table":11,"minecraft:open_barrel":18,"minecraft:leave_game":12,"minecraft:time_since_death":412,"minecraft:sprint_one_cm":625966,"minecraft:drop":245,"minecraft:play_time":1006471,"minecraft:deaths":82,"minecraft:jump":4554,"minecraft:walk_on_water_one_cm":54567,"minecraft:damage_dealt":6804,"minecraft:player_kills":5,"minecraft:crouch_one_cm":60757,"minecraft:inspect_dispenser":3,"minecraft:interact_with_anvil":5,"minecraft:mob_kills":33,"minecraft:climb_one_cm":1563,"minecraft:walk_one_cm":1070785,"minecraft:sneak_time":53758,"minecraft:walk_under_water_one_cm":176735,"minecraft:boat_one_cm":4683,"minecraft:interact_with_lectern":2,"minecraft:total_world_time":397341,"minecraft:time_since_rest":456,"minecraft:damage_taken":5327,"minecraft:trigger_trapped_chest":42,"minecraft:swim_one_cm":25422,"minecraft:fly_one_cm":10732761,"minecraft:open_chest":65,"minecraft:fall_one_cm":33117},"minecraft:killed_by":{"minecraft:zombie":3,"minecraft:player":1}},"DataVersion":2730}