{"stats":{"minecraft:picked_up":{"minecraft:cactus":2,"minecraft:rotten_flesh":7,"minecraft:wheat_seeds":2,"minecraft:dirt":16},"minecraft:killed":{"minecraft:zombie":3},"minecraft:used":{"minecraft:diamond_chestplate":1,"minecraft:oak_leaves":10,"minecraft:tadpole_bucket":164,"minecraft:writable_book":2,"minecraft:sand":12,"minecraft:netherite_axe":1,"minecraft:cactus":2},"minecraft:custom":{"minecraft:open_barrel":11,"minecraft:time_since_rest":13712,"minecraft:open_chest":6,"minecraft:crouch_one_cm":4321,"minecraft:interact_with_furnace":1,"minecraft:play_time":32091,"minecraft:sprint_one_cm":60335,"minecraft:damage_taken":185,"minecraft:deaths":21,"minecraft:walk_one_cm":43853,"minecraft:sneak_time":2713,"minecraft:walk_under_water_one_cm":1408,"minecraft:mob_kills":6,"minecraft:jump":439,"minecraft:damage_dealt_resisted":867,"minecraft:damage_dealt":300,"minecraft:leave_game":8,"minecraft:walk_on_water_one_cm":3264,"minecraft:time_since_death":13711,"minecraft:climb_one_cm":15,"minecraft:total_world_time":32091,"minecraft:swim_one_cm":4829,"minecraft:fall_one_cm":1530,"minecraft:fly_one_cm":437813}},"DataVersion":3337}