{"stats":{"minecraft:custom":{"minecraft:jump":53,"minecraft:time_since_rest":214,"minecraft:leave_game":1,"minecraft:crouch_one_cm":439,"minecraft:deaths":3,"minecraft:sprint_one_cm":5821,"minecraft:play_time":6278,"minecraft:damage_taken":390,"minecraft:time_since_death":213,"minecraft:walk_one_cm":4628,"minecraft:sneak_time":615,"minecraft:total_world_time":6278,"minecraft:fall_one_cm":5132,"minecraft:fly_one_cm":133922},"minecraft:picked_up":{"minecraft:redstone_block":1,"minecraft:bedrock":1,"minecraft:command_block":1,"minecraft:rotten_flesh":3,"minecraft:white_wool":1}},"DataVersion":3463}